latitude,longitude,path,row,scan,track,acq_date,acq_time,satellite,confidence,daynight
35.149809,-77.472319,014,036,1280,1892,2025-09-22,1541,L8,high,D
35.413996,-77.419916,014,036,1463,919,2025-09-22,1541,L8,low,D
34.786151,-77.373231,014,036,1549,3244,2025-09-22,1541,L8,high,D
34.785881,-77.373223,014,036,1549,3245,2025-09-22,1541,L8,high,D
34.786157,-77.372903,014,036,1550,3244,2025-09-22,1541,L8,high,D
35.512935,-77.210541,014,036,2105,568,2025-09-22,1541,L8,high,D
35.512665,-77.210534,014,036,2105,569,2025-09-22,1541,L8,high,D
35.452151,-76.546162,014,036,4110,831,2025-09-22,1541,L8,high,D
35.413996,-77.419916,014,035,143,6189,2025-09-22,1541,L8,low,D
35.512935,-77.210541,014,035,785,5838,2025-09-22,1541,L8,high,D
35.512665,-77.210534,014,035,785,5839,2025-09-22,1541,L8,high,D
36.121462,-76.652516,014,035,2510,3621,2025-09-22,1541,L8,high,D
35.632443,-76.575468,014,035,2712,5433,2025-09-22,1541,L8,high,D
35.632447,-76.575137,014,035,2713,5433,2025-09-22,1541,L8,high,D
35.632177,-76.575132,014,035,2713,5434,2025-09-22,1541,L8,high,D
35.452146,-76.546493,014,035,2789,6101,2025-09-22,1541,L8,low,D
35.452151,-76.546162,014,035,2790,6101,2025-09-22,1541,L8,high,D
35.574652,-76.461115,014,035,3054,5652,2025-09-22,1541,L8,high,D
35.507975,-75.997126,014,035,4453,5916,2025-09-22,1541,L8,low,D
35.88178,-75.929338,014,035,4671,4536,2025-09-22,1541,L8,medium,D
35.881782,-75.929005,014,035,4672,4536,2025-09-22,1541,L8,high,D
35.881512,-75.929002,014,035,4672,4537,2025-09-22,1541,L8,high,D
36.02229,-75.664629,014,035,5471,4023,2025-09-22,1541,L8,high,D
36.022019,-75.664627,014,035,5471,4024,2025-09-22,1541,L8,high,D
35.993367,-75.661391,014,035,5480,4130,2025-09-22,1541,L8,high,D
35.99044,-75.652713,014,035,5506,4141,2025-09-22,1541,L8,high,D
35.989632,-75.652041,014,035,5508,4144,2025-09-22,1541,L8,high,D
35.989904,-75.651711,014,035,5509,4143,2025-09-22,1541,L8,high,D
42.671006,-75.299175,014,031,1460,543,2025-09-22,1539,L8,low,D
42.490752,-73.765071,014,031,5660,1187,2025-09-22,1539,L8,low,D
37.53174,-76.7215,014,034,1087,3682,2025-09-22,1540,L8,low,D
37.532016,-76.721166,014,034,1088,3681,2025-09-22,1540,L8,medium,D
37.531745,-76.72116,014,034,1088,3682,2025-09-22,1540,L8,high,D
37.531475,-76.721154,014,034,1088,3683,2025-09-22,1540,L8,high,D
37.530802,-76.711632,014,034,1116,3686,2025-09-22,1540,L8,high,D
38.019025,-76.580761,014,034,1532,1887,2025-09-22,1540,L8,low,D
38.077731,-76.57792,014,034,1544,1670,2025-09-22,1540,L8,low,D
38.077736,-76.577578,014,034,1545,1670,2025-09-22,1540,L8,high,D
38.077466,-76.577572,014,034,1545,1671,2025-09-22,1540,L8,high,D
38.078011,-76.577242,014,034,1546,1669,2025-09-22,1540,L8,high,D
38.077741,-76.577236,014,034,1546,1670,2025-09-22,1540,L8,high,D
38.07747,-76.57723,014,034,1546,1671,2025-09-22,1540,L8,high,D
38.0772,-76.577224,014,034,1546,1672,2025-09-22,1540,L8,high,D
38.078015,-76.5769,014,034,1547,1669,2025-09-22,1540,L8,high,D
38.077745,-76.576894,014,034,1547,1670,2025-09-22,1540,L8,high,D
38.077475,-76.576888,014,034,1547,1671,2025-09-22,1540,L8,high,D
38.077205,-76.576882,014,034,1547,1672,2025-09-22,1540,L8,high,D
38.076934,-76.576876,014,034,1547,1673,2025-09-22,1540,L8,medium,D
38.07802,-76.576558,014,034,1548,1669,2025-09-22,1540,L8,high,D
38.07775,-76.576552,014,034,1548,1670,2025-09-22,1540,L8,high,D
38.077479,-76.576546,014,034,1548,1671,2025-09-22,1540,L8,high,D
38.077209,-76.57654,014,034,1548,1672,2025-09-22,1540,L8,high,D
38.078025,-76.576216,014,034,1549,1669,2025-09-22,1540,L8,high,D
38.077754,-76.57621,014,034,1549,1670,2025-09-22,1540,L8,high,D
38.077484,-76.576204,014,034,1549,1671,2025-09-22,1540,L8,high,D
38.077214,-76.576198,014,034,1549,1672,2025-09-22,1540,L8,high,D
38.078029,-76.575874,014,034,1550,1669,2025-09-22,1540,L8,high,D
38.077759,-76.575868,014,034,1550,1670,2025-09-22,1540,L8,high,D
38.077489,-76.575862,014,034,1550,1671,2025-09-22,1540,L8,high,D
38.077218,-76.575856,014,034,1550,1672,2025-09-22,1540,L8,high,D
38.078034,-76.575532,014,034,1551,1669,2025-09-22,1540,L8,high,D
38.077763,-76.575526,014,034,1551,1670,2025-09-22,1540,L8,high,D
38.077493,-76.57552,014,034,1551,1671,2025-09-22,1540,L8,high,D
38.077223,-76.575515,014,034,1551,1672,2025-09-22,1540,L8,high,D
38.078038,-76.57519,014,034,1552,1669,2025-09-22,1540,L8,high,D
38.077768,-76.575184,014,034,1552,1670,2025-09-22,1540,L8,high,D
38.077498,-76.575178,014,034,1552,1671,2025-09-22,1540,L8,high,D
38.077228,-76.575173,014,034,1552,1672,2025-09-22,1540,L8,high,D
38.078043,-76.574848,014,034,1553,1669,2025-09-22,1540,L8,high,D
38.077773,-76.574842,014,034,1553,1670,2025-09-22,1540,L8,high,D
38.077502,-76.574836,014,034,1553,1671,2025-09-22,1540,L8,high,D
38.077232,-76.574831,014,034,1553,1672,2025-09-22,1540,L8,high,D
38.078048,-76.574506,014,034,1554,1669,2025-09-22,1540,L8,high,D
38.077777,-76.5745,014,034,1554,1670,2025-09-22,1540,L8,high,D
38.077507,-76.574495,014,034,1554,1671,2025-09-22,1540,L8,high,D
38.078052,-76.574164,014,034,1555,1669,2025-09-22,1540,L8,high,D
38.077782,-76.574158,014,034,1555,1670,2025-09-22,1540,L8,high,D
38.077512,-76.574153,014,034,1555,1671,2025-09-22,1540,L8,high,D
38.078057,-76.573822,014,034,1556,1669,2025-09-22,1540,L8,high,D
38.077786,-76.573817,014,034,1556,1670,2025-09-22,1540,L8,high,D
38.078061,-76.57348,014,034,1557,1669,2025-09-22,1540,L8,high,D
38.077791,-76.573475,014,034,1557,1670,2025-09-22,1540,L8,high,D
38.077521,-76.573469,014,034,1557,1671,2025-09-22,1540,L8,high,D
38.077796,-76.573133,014,034,1558,1670,2025-09-22,1540,L8,high,D
38.077525,-76.573127,014,034,1558,1671,2025-09-22,1540,L8,high,D
38.0778,-76.572791,014,034,1559,1670,2025-09-22,1540,L8,high,D
38.07753,-76.572785,014,034,1559,1671,2025-09-22,1540,L8,high,D
38.077805,-76.572449,014,034,1560,1670,2025-09-22,1540,L8,medium,D
38.391278,-76.413304,014,034,2043,518,2025-09-22,1540,L8,medium,D
37.707605,-75.799871,014,034,3807,3068,2025-09-22,1540,L8,high,D
37.595818,-75.734104,014,034,3997,3483,2025-09-22,1540,L8,high,D
36.833897,-75.248011,014,034,5420,6308,2025-09-22,1540,L8,high,D
38.391278,-76.413304,014,033,733,5788,2025-09-22,1540,L8,medium,D
39.180574,-76.229267,014,033,1308,2876,2025-09-22,1540,L8,high,D
39.666731,-76.215805,014,033,1371,1078,2025-09-22,1540,L8,high,D
39.83066,-76.176972,014,033,1490,473,2025-09-22,1540,L8,high,D
39.830389,-76.176967,014,033,1490,474,2025-09-22,1540,L8,high,D
38.651911,-75.990227,014,033,1975,4840,2025-09-22,1540,L8,high,D
38.652187,-75.989541,014,033,1977,4839,2025-09-22,1540,L8,high,D
39.161599,-75.800799,014,033,2541,2960,2025-09-22,1540,L8,medium,D
38.721985,-75.287876,014,033,4013,4595,2025-09-22,1540,L8,high,D
39.422963,-74.54208,014,033,6161,2000,2025-09-22,1540,L8,high,D
45.837276,-73.251257,014,028,3044,4622,2025-09-22,1538,L8,medium,D
45.837271,-73.250871,014,028,3045,4622,2025-09-22,1538,L8,medium,D
45.839376,-73.247328,014,028,3054,4614,2025-09-22,1538,L8,medium,D
45.839107,-73.247337,014,028,3054,4615,2025-09-22,1538,L8,high,D
45.839371,-73.246942,014,028,3055,4614,2025-09-22,1538,L8,high,D
45.839101,-73.246951,014,028,3055,4615,2025-09-22,1538,L8,high,D
45.838831,-73.246959,014,028,3055,4616,2025-09-22,1538,L8,medium,D
46.043986,-73.140828,014,028,3312,3850,2025-09-22,1538,L8,low,D
46.043716,-73.140837,014,028,3312,3851,2025-09-22,1538,L8,high,D
46.043446,-73.140846,014,028,3312,3852,2025-09-22,1538,L8,high,D
46.04371,-73.140449,014,028,3313,3851,2025-09-22,1538,L8,high,D
45.874811,-72.869694,014,028,4028,4459,2025-09-22,1538,L8,high,D
45.874541,-72.869705,014,028,4028,4460,2025-09-22,1538,L8,low,D
45.874804,-72.869308,014,028,4029,4459,2025-09-22,1538,L8,low,D
46.111634,-72.342298,014,028,5363,3541,2025-09-22,1538,L8,high,D
42.671006,-75.299175,014,030,200,5823,2025-09-22,1539,L8,low,D
42.859341,-74.482276,014,030,2427,5123,2025-09-22,1539,L8,low,D
42.708235,-74.408802,014,030,2631,5681,2025-09-22,1539,L8,high,D
42.708233,-74.408436,014,030,2632,5681,2025-09-22,1539,L8,high,D
42.490752,-73.765071,014,030,4400,6467,2025-09-22,1539,L8,low,D
42.992207,-73.69546,014,030,4562,4608,2025-09-22,1539,L8,low,D
43.348957,-72.997139,014,030,6428,3250,2025-09-22,1539,L8,high,D
39.666731,-76.215805,014,032,81,6358,2025-09-22,1540,L8,high,D
39.830389,-76.176967,014,032,200,5754,2025-09-22,1540,L8,high,D
40.174408,-75.913348,014,032,965,4490,2025-09-22,1540,L8,high,D
39.422963,-74.54208,014,032,4871,7280,2025-09-22,1540,L8,high,D
30.635129,-91.063315,022,039,784,2665,2025-09-22,1632,L9,high,D
30.634858,-91.063321,022,039,784,2666,2025-09-22,1632,L9,high,D
30.210923,-91.038024,022,039,892,4231,2025-09-22,1632,L9,high,D
30.188354,-90.960273,022,039,1143,4310,2025-09-22,1632,L9,high,D
30.589535,-90.949104,022,039,1152,2827,2025-09-22,1632,L9,high,D
30.034086,-90.960331,022,039,1153,4880,2025-09-22,1632,L9,medium,D
30.033815,-90.960336,022,039,1153,4881,2025-09-22,1632,L9,high,D
30.37349,-90.893078,022,039,1346,3622,2025-09-22,1632,L9,high,D
30.373219,-90.893084,022,039,1346,3623,2025-09-22,1632,L9,low,D
30.374021,-90.892442,022,039,1348,3620,2025-09-22,1632,L9,medium,D
30.37375,-90.892448,022,039,1348,3621,2025-09-22,1632,L9,high,D
30.486988,-90.882824,022,039,1371,3202,2025-09-22,1632,L9,high,D
30.274829,-90.850601,022,039,1489,3984,2025-09-22,1632,L9,low,D
30.054148,-90.669348,022,039,2087,4788,2025-09-22,1632,L9,high,D
30.053878,-90.669354,022,039,2087,4789,2025-09-22,1632,L9,high,D
30.054143,-90.669037,022,039,2088,4788,2025-09-22,1632,L9,high,D
30.053872,-90.669043,022,039,2088,4789,2025-09-22,1632,L9,high,D
29.943768,-90.671305,022,039,2089,5196,2025-09-22,1632,L9,high,D
29.943497,-90.671312,022,039,2089,5197,2025-09-22,1632,L9,high,D
29.944033,-90.670988,022,039,2090,5195,2025-09-22,1632,L9,high,D
29.943762,-90.670995,022,039,2090,5196,2025-09-22,1632,L9,high,D
29.943492,-90.671001,022,039,2090,5197,2025-09-22,1632,L9,low,D
29.944016,-90.670057,022,039,2093,5195,2025-09-22,1632,L9,high,D
29.943746,-90.670063,022,039,2093,5196,2025-09-22,1632,L9,high,D
29.944011,-90.669746,022,039,2094,5195,2025-09-22,1632,L9,high,D
29.94374,-90.669752,022,039,2094,5196,2025-09-22,1632,L9,high,D
29.94347,-90.669759,022,039,2094,5197,2025-09-22,1632,L9,high,D
29.943735,-90.669442,022,039,2095,5196,2025-09-22,1632,L9,high,D
29.943464,-90.669448,022,039,2095,5197,2025-09-22,1632,L9,high,D
29.943729,-90.669131,022,039,2096,5196,2025-09-22,1632,L9,high,D
29.943459,-90.669137,022,039,2096,5197,2025-09-22,1632,L9,medium,D
29.943961,-90.66695,022,039,2103,5195,2025-09-22,1632,L9,low,D
29.943691,-90.666957,022,039,2103,5196,2025-09-22,1632,L9,high,D
29.94342,-90.666963,022,039,2103,5197,2025-09-22,1632,L9,high,D
29.943956,-90.66664,022,039,2104,5195,2025-09-22,1632,L9,high,D
29.944221,-90.666323,022,039,2105,5194,2025-09-22,1632,L9,high,D
29.94395,-90.666329,022,039,2105,5195,2025-09-22,1632,L9,high,D
29.944215,-90.666012,022,039,2106,5194,2025-09-22,1632,L9,high,D
29.943945,-90.666019,022,039,2106,5195,2025-09-22,1632,L9,high,D
29.943674,-90.666025,022,039,2106,5196,2025-09-22,1632,L9,medium,D
29.943133,-90.666038,022,039,2106,5198,2025-09-22,1632,L9,medium,D
29.942863,-90.666044,022,039,2106,5199,2025-09-22,1632,L9,low,D
29.94421,-90.665702,022,039,2107,5194,2025-09-22,1632,L9,low,D
29.943939,-90.665708,022,039,2107,5195,2025-09-22,1632,L9,high,D
29.943669,-90.665714,022,039,2107,5196,2025-09-22,1632,L9,medium,D
29.943128,-90.665727,022,039,2107,5198,2025-09-22,1632,L9,high,D
29.942857,-90.665733,022,039,2107,5199,2025-09-22,1632,L9,high,D
29.943934,-90.665397,022,039,2108,5195,2025-09-22,1632,L9,high,D
29.943663,-90.665404,022,039,2108,5196,2025-09-22,1632,L9,high,D
29.943122,-90.665416,022,039,2108,5198,2025-09-22,1632,L9,medium,D
29.942852,-90.665423,022,039,2108,5199,2025-09-22,1632,L9,low,D
29.943658,-90.665093,022,039,2109,5196,2025-09-22,1632,L9,high,D
29.943652,-90.664782,022,039,2110,5196,2025-09-22,1632,L9,high,D
29.943647,-90.664472,022,039,2111,5196,2025-09-22,1632,L9,high,D
29.943376,-90.664478,022,039,2111,5197,2025-09-22,1632,L9,medium,D
29.943641,-90.664161,022,039,2112,5196,2025-09-22,1632,L9,high,D
29.943371,-90.664167,022,039,2112,5197,2025-09-22,1632,L9,high,D
29.943365,-90.663857,022,039,2113,5197,2025-09-22,1632,L9,high,D
29.943095,-90.663863,022,039,2113,5198,2025-09-22,1632,L9,medium,D
29.943089,-90.663553,022,039,2114,5198,2025-09-22,1632,L9,high,D
30.054207,-90.642282,022,039,2174,4786,2025-09-22,1632,L9,high,D
30.118581,-90.640442,022,039,2175,4548,2025-09-22,1632,L9,high,D
30.118311,-90.640448,022,039,2175,4549,2025-09-22,1632,L9,high,D
29.864126,-90.636519,022,039,2207,5488,2025-09-22,1632,L9,high,D
29.863855,-90.636526,022,039,2207,5489,2025-09-22,1632,L9,high,D
29.863584,-90.636532,022,039,2207,5490,2025-09-22,1632,L9,low,D
29.863849,-90.636215,022,039,2208,5489,2025-09-22,1632,L9,high,D
29.864379,-90.635582,022,039,2210,5487,2025-09-22,1632,L9,low,D
29.864374,-90.635272,022,039,2211,5487,2025-09-22,1632,L9,high,D
30.06079,-90.602304,022,039,2302,4759,2025-09-22,1632,L9,high,D
30.06052,-90.602311,022,039,2302,4760,2025-09-22,1632,L9,high,D
30.060785,-90.601993,022,039,2303,4759,2025-09-22,1632,L9,high,D
30.060514,-90.602,022,039,2303,4760,2025-09-22,1632,L9,high,D
29.734195,-90.589959,022,039,2367,5965,2025-09-22,1632,L9,high,D
29.987979,-90.443339,022,039,2819,5017,2025-09-22,1632,L9,high,D
29.991097,-90.395386,022,039,2973,5002,2025-09-22,1632,L9,high,D
29.925893,-90.355148,022,039,3108,5240,2025-09-22,1632,L9,high,D
30.662235,-90.319652,022,039,3158,2516,2025-09-22,1632,L9,low,D
29.487594,-90.291767,022,039,3350,6855,2025-09-22,1632,L9,high,D
29.487588,-90.291458,022,039,3351,6855,2025-09-22,1632,L9,high,D
30.510709,-90.203513,022,039,3543,3067,2025-09-22,1632,L9,high,D
30.510438,-90.20352,022,039,3543,3068,2025-09-22,1632,L9,high,D
30.510702,-90.2032,022,039,3544,3067,2025-09-22,1632,L9,high,D
30.510432,-90.203208,022,039,3544,3068,2025-09-22,1632,L9,high,D
30.510161,-90.203216,022,039,3544,3069,2025-09-22,1632,L9,high,D
30.510154,-90.202904,022,039,3545,3069,2025-09-22,1632,L9,high,D
30.510148,-90.202591,022,039,3546,3069,2025-09-22,1632,L9,high,D
30.490362,-90.200971,022,039,3553,3142,2025-09-22,1632,L9,high,D
30.629462,-90.165061,022,039,3655,2625,2025-09-22,1632,L9,high,D
30.791623,-89.909304,022,039,4456,2004,2025-09-22,1632,L9,high,D
30.791615,-89.908991,022,039,4457,2004,2025-09-22,1632,L9,high,D
30.303595,-89.886391,022,039,4579,3806,2025-09-22,1632,L9,high,D
29.601534,-89.897375,022,039,4614,6402,2025-09-22,1632,L9,low,D
29.600993,-89.897391,022,039,4614,6404,2025-09-22,1632,L9,low,D
29.600445,-89.897098,022,039,4615,6406,2025-09-22,1632,L9,high,D
29.596113,-89.896922,022,039,4616,6422,2025-09-22,1632,L9,medium,D
29.595697,-89.890743,022,039,4636,6423,2025-09-22,1632,L9,high,D
29.596231,-89.890417,022,039,4637,6421,2025-09-22,1632,L9,high,D
29.596764,-89.890091,022,039,4638,6419,2025-09-22,1632,L9,high,D
30.688786,-89.785194,022,039,4863,2373,2025-09-22,1632,L9,high,D
29.879364,-89.79474,022,039,4917,5366,2025-09-22,1632,L9,high,D
29.879094,-89.794749,022,039,4917,5367,2025-09-22,1632,L9,high,D
29.879357,-89.79443,022,039,4918,5366,2025-09-22,1632,L9,high,D
29.879087,-89.794439,022,039,4918,5367,2025-09-22,1632,L9,high,D
29.879349,-89.79412,022,039,4919,5366,2025-09-22,1632,L9,high,D
29.878809,-89.794137,022,039,4919,5368,2025-09-22,1632,L9,high,D
30.630134,-89.464344,022,039,5895,2559,2025-09-22,1632,L9,high,D
30.413986,-89.432851,022,039,6021,3355,2025-09-22,1632,L9,high,D
30.413715,-89.432861,022,039,6021,3356,2025-09-22,1632,L9,high,D
30.413977,-89.432539,022,039,6022,3355,2025-09-22,1632,L9,low,D
30.446912,-89.420413,022,039,6057,3232,2025-09-22,1632,L9,high,D
30.422261,-89.22721,022,039,6679,3303,2025-09-22,1632,L9,medium,D
32.438767,-90.489559,022,038,1670,1306,2025-09-22,1631,L9,high,D
32.438497,-90.489549,022,038,1670,1307,2025-09-22,1631,L9,high,D
32.438505,-90.48923,022,038,1671,1307,2025-09-22,1631,L9,high,D
32.2477,-90.405852,022,038,1910,2021,2025-09-22,1631,L9,high,D
32.761047,-90.393276,022,038,2010,124,2025-09-22,1631,L9,high,D
32.004771,-90.337478,022,038,2097,2926,2025-09-22,1631,L9,high,D
31.978561,-90.284807,022,038,2260,3028,2025-09-22,1631,L9,high,D
31.978291,-90.284798,022,038,2260,3029,2025-09-22,1631,L9,high,D
31.978569,-90.28449,022,038,2261,3028,2025-09-22,1631,L9,high,D
32.30715,-90.264458,022,038,2361,1815,2025-09-22,1631,L9,high,D
32.183348,-90.251441,022,038,2388,2274,2025-09-22,1631,L9,low,D
32.183077,-90.251432,022,038,2388,2275,2025-09-22,1631,L9,high,D
32.183356,-90.251124,022,038,2389,2274,2025-09-22,1631,L9,high,D
32.183086,-90.251114,022,038,2389,2275,2025-09-22,1631,L9,high,D
32.183314,-90.242217,022,038,2417,2275,2025-09-22,1631,L9,high,D
32.183044,-90.242208,022,038,2417,2276,2025-09-22,1631,L9,high,D
32.183322,-90.2419,022,038,2418,2275,2025-09-22,1631,L9,high,D
32.337627,-90.236245,022,038,2453,1705,2025-09-22,1631,L9,high,D
32.337357,-90.236235,022,038,2453,1706,2025-09-22,1631,L9,high,D
32.444293,-90.232082,022,038,2478,1311,2025-09-22,1631,L9,medium,D
32.444301,-90.231763,022,038,2479,1311,2025-09-22,1631,L9,high,D
32.444031,-90.231753,022,038,2479,1312,2025-09-22,1631,L9,high,D
32.444309,-90.231444,022,038,2480,1311,2025-09-22,1631,L9,high,D
32.444039,-90.231435,022,038,2480,1312,2025-09-22,1631,L9,high,D
32.406815,-90.217035,022,038,2521,1451,2025-09-22,1631,L9,high,D
32.406545,-90.217026,022,038,2521,1452,2025-09-22,1631,L9,high,D
32.406823,-90.216717,022,038,2522,1451,2025-09-22,1631,L9,high,D
32.406553,-90.216707,022,038,2522,1452,2025-09-22,1631,L9,high,D
32.406283,-90.216697,022,038,2522,1453,2025-09-22,1631,L9,high,D
32.406831,-90.216398,022,038,2523,1451,2025-09-22,1631,L9,medium,D
32.406561,-90.216389,022,038,2523,1452,2025-09-22,1631,L9,high,D
32.31503,-90.135115,022,038,2768,1798,2025-09-22,1631,L9,high,D
32.255823,-90.12321,022,038,2799,2018,2025-09-22,1631,L9,high,D
32.255552,-90.123201,022,038,2799,2019,2025-09-22,1631,L9,high,D
32.255831,-90.122892,022,038,2800,2018,2025-09-22,1631,L9,high,D
32.25556,-90.122883,022,038,2800,2019,2025-09-22,1631,L9,high,D
32.157756,-90.118585,022,038,2803,2381,2025-09-22,1631,L9,high,D
32.157764,-90.118268,022,038,2804,2381,2025-09-22,1631,L9,high,D
31.552993,-90.083747,022,038,2849,4620,2025-09-22,1631,L9,high,D
31.553271,-90.08344,022,038,2850,4619,2025-09-22,1631,L9,medium,D
31.553001,-90.083431,022,038,2850,4620,2025-09-22,1631,L9,high,D
32.114522,-90.061497,022,038,2978,2546,2025-09-22,1631,L9,low,D
32.417737,-90.01622,022,038,3152,1429,2025-09-22,1631,L9,low,D
32.273183,-90.009832,022,038,3157,1964,2025-09-22,1631,L9,high,D
32.503592,-90.011425,022,038,3176,1112,2025-09-22,1631,L9,medium,D
31.207605,-89.919829,022,038,3334,5911,2025-09-22,1631,L9,high,D
32.415529,-89.938023,022,038,3397,1444,2025-09-22,1631,L9,high,D
32.390459,-89.911069,022,038,3479,1539,2025-09-22,1631,L9,high,D
32.391006,-89.910768,022,038,3480,1537,2025-09-22,1631,L9,high,D
32.390736,-89.910759,022,038,3480,1538,2025-09-22,1631,L9,medium,D
32.390466,-89.910751,022,038,3480,1539,2025-09-22,1631,L9,high,D
32.390196,-89.910742,022,038,3480,1540,2025-09-22,1631,L9,high,D
32.390473,-89.910432,022,038,3481,1539,2025-09-22,1631,L9,high,D
32.390203,-89.910424,022,038,3481,1540,2025-09-22,1631,L9,high,D
31.368149,-89.878439,022,038,3481,5321,2025-09-22,1631,L9,medium,D
31.367879,-89.878431,022,038,3481,5322,2025-09-22,1631,L9,medium,D
32.391021,-89.910131,022,038,3482,1537,2025-09-22,1631,L9,medium,D
32.390751,-89.910122,022,038,3482,1538,2025-09-22,1631,L9,high,D
32.390481,-89.910114,022,038,3482,1539,2025-09-22,1631,L9,high,D
31.368156,-89.878124,022,038,3482,5321,2025-09-22,1631,L9,high,D
31.367886,-89.878115,022,038,3482,5322,2025-09-22,1631,L9,high,D
31.367616,-89.878107,022,038,3482,5323,2025-09-22,1631,L9,medium,D
31.365183,-89.878033,022,038,3482,5332,2025-09-22,1631,L9,low,D
32.336971,-89.90808,022,038,3483,1737,2025-09-22,1631,L9,medium,D
32.336701,-89.908071,022,038,3483,1738,2025-09-22,1631,L9,high,D
32.33643,-89.908063,022,038,3483,1739,2025-09-22,1631,L9,medium,D
31.368434,-89.877817,022,038,3483,5320,2025-09-22,1631,L9,high,D
31.368163,-89.877809,022,038,3483,5321,2025-09-22,1631,L9,high,D
31.367893,-89.8778,022,038,3483,5322,2025-09-22,1631,L9,high,D
31.367623,-89.877792,022,038,3483,5323,2025-09-22,1631,L9,high,D
32.336978,-89.907762,022,038,3484,1737,2025-09-22,1631,L9,medium,D
32.336708,-89.907753,022,038,3484,1738,2025-09-22,1631,L9,high,D
31.36817,-89.877494,022,038,3484,5321,2025-09-22,1631,L9,high,D
31.3679,-89.877485,022,038,3484,5322,2025-09-22,1631,L9,high,D
31.36763,-89.877477,022,038,3484,5323,2025-09-22,1631,L9,medium,D
31.364948,-89.876449,022,038,3487,5333,2025-09-22,1631,L9,low,D
31.367928,-89.876225,022,038,3488,5322,2025-09-22,1631,L9,low,D
31.367658,-89.876217,022,038,3488,5323,2025-09-22,1631,L9,low,D
31.367388,-89.876209,022,038,3488,5324,2025-09-22,1631,L9,medium,D
31.367117,-89.8762,022,038,3488,5325,2025-09-22,1631,L9,high,D
31.365225,-89.876143,022,038,3488,5332,2025-09-22,1631,L9,high,D
31.364955,-89.876134,022,038,3488,5333,2025-09-22,1631,L9,high,D
31.368206,-89.875918,022,038,3489,5321,2025-09-22,1631,L9,high,D
31.367936,-89.87591,022,038,3489,5322,2025-09-22,1631,L9,medium,D
31.367124,-89.875885,022,038,3489,5325,2025-09-22,1631,L9,high,D
31.365232,-89.875828,022,038,3489,5332,2025-09-22,1631,L9,high,D
31.364962,-89.875819,022,038,3489,5333,2025-09-22,1631,L9,high,D
31.365239,-89.875513,022,038,3490,5332,2025-09-22,1631,L9,low,D
31.36795,-89.87528,022,038,3491,5322,2025-09-22,1631,L9,high,D
31.367679,-89.875272,022,038,3491,5323,2025-09-22,1631,L9,high,D
31.367409,-89.875263,022,038,3491,5324,2025-09-22,1631,L9,medium,D
31.367139,-89.875255,022,038,3491,5325,2025-09-22,1631,L9,high,D
31.365246,-89.875197,022,038,3491,5332,2025-09-22,1631,L9,medium,D
31.368227,-89.874973,022,038,3492,5321,2025-09-22,1631,L9,high,D
31.367957,-89.874965,022,038,3492,5322,2025-09-22,1631,L9,high,D
31.367686,-89.874957,022,038,3492,5323,2025-09-22,1631,L9,high,D
31.367416,-89.874948,022,038,3492,5324,2025-09-22,1631,L9,high,D
31.367146,-89.87494,022,038,3492,5325,2025-09-22,1631,L9,high,D
31.366875,-89.874932,022,038,3492,5326,2025-09-22,1631,L9,high,D
31.365524,-89.874891,022,038,3492,5331,2025-09-22,1631,L9,high,D
31.365253,-89.874882,022,038,3492,5332,2025-09-22,1631,L9,high,D
31.364983,-89.874874,022,038,3492,5333,2025-09-22,1631,L9,low,D
31.368504,-89.874666,022,038,3493,5320,2025-09-22,1631,L9,high,D
31.368234,-89.874658,022,038,3493,5321,2025-09-22,1631,L9,high,D
31.367964,-89.87465,022,038,3493,5322,2025-09-22,1631,L9,high,D
31.367693,-89.874641,022,038,3493,5323,2025-09-22,1631,L9,high,D
31.367423,-89.874633,022,038,3493,5324,2025-09-22,1631,L9,high,D
31.367153,-89.874625,022,038,3493,5325,2025-09-22,1631,L9,high,D
31.366882,-89.874617,022,038,3493,5326,2025-09-22,1631,L9,high,D
31.366612,-89.874609,022,038,3493,5327,2025-09-22,1631,L9,high,D
31.366342,-89.8746,022,038,3493,5328,2025-09-22,1631,L9,medium,D
31.366071,-89.874592,022,038,3493,5329,2025-09-22,1631,L9,high,D
31.365801,-89.874584,022,038,3493,5330,2025-09-22,1631,L9,high,D
31.365531,-89.874576,022,038,3493,5331,2025-09-22,1631,L9,high,D
31.36526,-89.874567,022,038,3493,5332,2025-09-22,1631,L9,high,D
31.36499,-89.874559,022,038,3493,5333,2025-09-22,1631,L9,high,D
31.36472,-89.874551,022,038,3493,5334,2025-09-22,1631,L9,medium,D
31.368512,-89.874351,022,038,3494,5320,2025-09-22,1631,L9,high,D
31.368241,-89.874343,022,038,3494,5321,2025-09-22,1631,L9,high,D
31.367971,-89.874335,022,038,3494,5322,2025-09-22,1631,L9,high,D
31.367701,-89.874326,022,038,3494,5323,2025-09-22,1631,L9,high,D
31.36743,-89.874318,022,038,3494,5324,2025-09-22,1631,L9,high,D
31.366889,-89.874302,022,038,3494,5326,2025-09-22,1631,L9,high,D
31.366619,-89.874293,022,038,3494,5327,2025-09-22,1631,L9,high,D
31.366349,-89.874285,022,038,3494,5328,2025-09-22,1631,L9,high,D
31.366078,-89.874277,022,038,3494,5329,2025-09-22,1631,L9,high,D
31.365808,-89.874269,022,038,3494,5330,2025-09-22,1631,L9,low,D
31.364997,-89.874244,022,038,3494,5333,2025-09-22,1631,L9,high,D
32.104761,-89.878127,022,038,3554,2598,2025-09-22,1631,L9,high,D
32.264087,-89.854178,022,038,3645,2011,2025-09-22,1631,L9,high,D
32.263816,-89.85417,022,038,3645,2012,2025-09-22,1631,L9,high,D
32.263824,-89.853852,022,038,3646,2012,2025-09-22,1631,L9,medium,D
32.327748,-89.801698,022,038,3816,1780,2025-09-22,1631,L9,high,D
32.327478,-89.80169,022,038,3816,1781,2025-09-22,1631,L9,high,D
31.396899,-89.596406,022,038,4378,5237,2025-09-22,1631,L9,low,D
31.396905,-89.596091,022,038,4379,5237,2025-09-22,1631,L9,high,D
31.396635,-89.596083,022,038,4379,5238,2025-09-22,1631,L9,high,D
32.54699,-89.619745,022,038,4407,984,2025-09-22,1631,L9,high,D
31.014368,-89.526283,022,038,4568,6656,2025-09-22,1631,L9,medium,D
31.792267,-89.510476,022,038,4684,3782,2025-09-22,1631,L9,high,D
31.792273,-89.510159,022,038,4685,3782,2025-09-22,1631,L9,high,D
31.792279,-89.509842,022,038,4686,3782,2025-09-22,1631,L9,high,D
31.792009,-89.509835,022,038,4686,3783,2025-09-22,1631,L9,high,D
32.451635,-89.493189,022,038,4795,1346,2025-09-22,1631,L9,high,D
31.298545,-89.423868,022,038,4917,5613,2025-09-22,1631,L9,medium,D
31.298821,-89.42356,022,038,4918,5612,2025-09-22,1631,L9,high,D
31.298551,-89.423553,022,038,4918,5613,2025-09-22,1631,L9,high,D
32.273738,-89.417935,022,038,5016,2009,2025-09-22,1631,L9,medium,D
31.083466,-89.131337,022,038,5830,6427,2025-09-22,1631,L9,high,D
31.083195,-89.131331,022,038,5830,6428,2025-09-22,1631,L9,high,D
31.082925,-89.131325,022,038,5830,6429,2025-09-22,1631,L9,high,D
31.08435,-89.126955,022,038,5844,6424,2025-09-22,1631,L9,high,D
31.084079,-89.126949,022,038,5844,6425,2025-09-22,1631,L9,high,D
31.084085,-89.126635,022,038,5845,6425,2025-09-22,1631,L9,high,D
31.083814,-89.126629,022,038,5845,6426,2025-09-22,1631,L9,high,D
31.083819,-89.126314,022,038,5846,6426,2025-09-22,1631,L9,high,D
31.083549,-89.126308,022,038,5846,6427,2025-09-22,1631,L9,high,D
31.083283,-89.125988,022,038,5847,6428,2025-09-22,1631,L9,high,D
31.083013,-89.125982,022,038,5847,6429,2025-09-22,1631,L9,high,D
31.082742,-89.125976,022,038,5847,6430,2025-09-22,1631,L9,high,D
31.663664,-89.096077,022,038,5983,4285,2025-09-22,1631,L9,high,D
31.663393,-89.096071,022,038,5983,4286,2025-09-22,1631,L9,high,D
31.490669,-89.068208,022,038,6059,4926,2025-09-22,1631,L9,low,D
31.490398,-89.068202,022,038,6059,4927,2025-09-22,1631,L9,high,D
31.490128,-89.068196,022,038,6059,4928,2025-09-22,1631,L9,high,D
31.490404,-89.067886,022,038,6060,4927,2025-09-22,1631,L9,high,D
31.490133,-89.06788,022,038,6060,4928,2025-09-22,1631,L9,low,D
31.490409,-89.067571,022,038,6061,4927,2025-09-22,1631,L9,low,D
31.386673,-89.056777,022,038,6088,5311,2025-09-22,1631,L9,high,D
31.386402,-89.056771,022,038,6088,5312,2025-09-22,1631,L9,low,D
31.386678,-89.056462,022,038,6089,5311,2025-09-22,1631,L9,high,D
31.386407,-89.056456,022,038,6089,5312,2025-09-22,1631,L9,medium,D
31.386683,-89.056146,022,038,6090,5311,2025-09-22,1631,L9,high,D
32.761047,-90.393276,022,037,660,5394,2025-09-22,1631,L9,high,D
33.165635,-90.26025,022,037,1122,3911,2025-09-22,1631,L9,high,D
33.165364,-90.26024,022,037,1122,3912,2025-09-22,1631,L9,high,D
33.165094,-90.26023,022,037,1122,3913,2025-09-22,1631,L9,high,D
33.164554,-90.26021,022,037,1122,3915,2025-09-22,1631,L9,high,D
33.164284,-90.2602,022,037,1122,3916,2025-09-22,1631,L9,high,D
33.167534,-90.259999,022,037,1123,3904,2025-09-22,1631,L9,high,D
33.166994,-90.259979,022,037,1123,3906,2025-09-22,1631,L9,high,D
33.166724,-90.259969,022,037,1123,3907,2025-09-22,1631,L9,high,D
33.166453,-90.259959,022,037,1123,3908,2025-09-22,1631,L9,high,D
33.166183,-90.259949,022,037,1123,3909,2025-09-22,1631,L9,high,D
33.165913,-90.259939,022,037,1123,3910,2025-09-22,1631,L9,high,D
33.165643,-90.259929,022,037,1123,3911,2025-09-22,1631,L9,high,D
33.165373,-90.259919,022,037,1123,3912,2025-09-22,1631,L9,high,D
33.165103,-90.259909,022,037,1123,3913,2025-09-22,1631,L9,high,D
33.164832,-90.259899,022,037,1123,3914,2025-09-22,1631,L9,high,D
33.164562,-90.259889,022,037,1123,3915,2025-09-22,1631,L9,high,D
33.164292,-90.259879,022,037,1123,3916,2025-09-22,1631,L9,high,D
33.164022,-90.259869,022,037,1123,3917,2025-09-22,1631,L9,high,D
33.163752,-90.259859,022,037,1123,3918,2025-09-22,1631,L9,high,D
33.163482,-90.259849,022,037,1123,3919,2025-09-22,1631,L9,high,D
33.163211,-90.259839,022,037,1123,3920,2025-09-22,1631,L9,high,D
33.162941,-90.259829,022,037,1123,3921,2025-09-22,1631,L9,high,D
33.162671,-90.259819,022,037,1123,3922,2025-09-22,1631,L9,high,D
33.168083,-90.259698,022,037,1124,3902,2025-09-22,1631,L9,high,D
33.167813,-90.259688,022,037,1124,3903,2025-09-22,1631,L9,high,D
33.167543,-90.259678,022,037,1124,3904,2025-09-22,1631,L9,high,D
33.167272,-90.259668,022,037,1124,3905,2025-09-22,1631,L9,high,D
33.167002,-90.259658,022,037,1124,3906,2025-09-22,1631,L9,high,D
33.166732,-90.259648,022,037,1124,3907,2025-09-22,1631,L9,high,D
33.166462,-90.259638,022,037,1124,3908,2025-09-22,1631,L9,high,D
33.16268,-90.259498,022,037,1124,3922,2025-09-22,1631,L9,high,D
33.162409,-90.259488,022,037,1124,3923,2025-09-22,1631,L9,high,D
33.168632,-90.259396,022,037,1125,3900,2025-09-22,1631,L9,high,D
33.168361,-90.259386,022,037,1125,3901,2025-09-22,1631,L9,high,D
33.168091,-90.259376,022,037,1125,3902,2025-09-22,1631,L9,high,D
33.167821,-90.259366,022,037,1125,3903,2025-09-22,1631,L9,high,D
33.167551,-90.259356,022,037,1125,3904,2025-09-22,1631,L9,high,D
33.16891,-90.259085,022,037,1126,3899,2025-09-22,1631,L9,high,D
33.16864,-90.259075,022,037,1126,3900,2025-09-22,1631,L9,high,D
33.16837,-90.259065,022,037,1126,3901,2025-09-22,1631,L9,high,D
33.1681,-90.259055,022,037,1126,3902,2025-09-22,1631,L9,high,D
33.16783,-90.259045,022,037,1126,3903,2025-09-22,1631,L9,high,D
33.167559,-90.259035,022,037,1126,3904,2025-09-22,1631,L9,high,D
33.169459,-90.258784,022,037,1127,3897,2025-09-22,1631,L9,high,D
33.169189,-90.258774,022,037,1127,3898,2025-09-22,1631,L9,high,D
33.168919,-90.258764,022,037,1127,3899,2025-09-22,1631,L9,high,D
33.168648,-90.258754,022,037,1127,3900,2025-09-22,1631,L9,high,D
33.168378,-90.258744,022,037,1127,3901,2025-09-22,1631,L9,high,D
33.168108,-90.258734,022,037,1127,3902,2025-09-22,1631,L9,high,D
33.167838,-90.258724,022,037,1127,3903,2025-09-22,1631,L9,high,D
33.169738,-90.258473,022,037,1128,3896,2025-09-22,1631,L9,high,D
33.169467,-90.258463,022,037,1128,3897,2025-09-22,1631,L9,high,D
33.169197,-90.258453,022,037,1128,3898,2025-09-22,1631,L9,high,D
33.168927,-90.258443,022,037,1128,3899,2025-09-22,1631,L9,high,D
33.168657,-90.258433,022,037,1128,3900,2025-09-22,1631,L9,high,D
33.168387,-90.258423,022,037,1128,3901,2025-09-22,1631,L9,high,D
33.168117,-90.258413,022,037,1128,3902,2025-09-22,1631,L9,high,D
33.170016,-90.258162,022,037,1129,3895,2025-09-22,1631,L9,high,D
33.169746,-90.258152,022,037,1129,3896,2025-09-22,1631,L9,high,D
33.169206,-90.258132,022,037,1129,3898,2025-09-22,1631,L9,high,D
33.168935,-90.258122,022,037,1129,3899,2025-09-22,1631,L9,high,D
33.168665,-90.258112,022,037,1129,3900,2025-09-22,1631,L9,high,D
33.168395,-90.258102,022,037,1129,3901,2025-09-22,1631,L9,high,D
33.168125,-90.258092,022,037,1129,3902,2025-09-22,1631,L9,high,D
33.167855,-90.258081,022,037,1129,3903,2025-09-22,1631,L9,high,D
33.167585,-90.258071,022,037,1129,3904,2025-09-22,1631,L9,high,D
32.444301,-90.231763,022,037,1129,6581,2025-09-22,1631,L9,high,D
32.444031,-90.231753,022,037,1129,6582,2025-09-22,1631,L9,high,D
33.170025,-90.25784,022,037,1130,3895,2025-09-22,1631,L9,high,D
33.169754,-90.25783,022,037,1130,3896,2025-09-22,1631,L9,high,D
33.169484,-90.25782,022,037,1130,3897,2025-09-22,1631,L9,high,D
33.169214,-90.25781,022,037,1130,3898,2025-09-22,1631,L9,high,D
33.168944,-90.2578,022,037,1130,3899,2025-09-22,1631,L9,high,D
33.168674,-90.25779,022,037,1130,3900,2025-09-22,1631,L9,high,D
33.168404,-90.25778,022,037,1130,3901,2025-09-22,1631,L9,high,D
33.168133,-90.25777,022,037,1130,3902,2025-09-22,1631,L9,high,D
33.167863,-90.25776,022,037,1130,3903,2025-09-22,1631,L9,high,D
33.167593,-90.25775,022,037,1130,3904,2025-09-22,1631,L9,high,D
33.167323,-90.25774,022,037,1130,3905,2025-09-22,1631,L9,high,D
33.167053,-90.25773,022,037,1130,3906,2025-09-22,1631,L9,high,D
33.166783,-90.25772,022,037,1130,3907,2025-09-22,1631,L9,high,D
32.444309,-90.231444,022,037,1130,6581,2025-09-22,1631,L9,high,D
32.444039,-90.231435,022,037,1130,6582,2025-09-22,1631,L9,high,D
33.170033,-90.257519,022,037,1131,3895,2025-09-22,1631,L9,high,D
33.169763,-90.257509,022,037,1131,3896,2025-09-22,1631,L9,high,D
33.169493,-90.257499,022,037,1131,3897,2025-09-22,1631,L9,high,D
33.169222,-90.257489,022,037,1131,3898,2025-09-22,1631,L9,high,D
33.168952,-90.257479,022,037,1131,3899,2025-09-22,1631,L9,high,D
33.168682,-90.257469,022,037,1131,3900,2025-09-22,1631,L9,high,D
33.168412,-90.257459,022,037,1131,3901,2025-09-22,1631,L9,high,D
33.168142,-90.257449,022,037,1131,3902,2025-09-22,1631,L9,high,D
33.167872,-90.257439,022,037,1131,3903,2025-09-22,1631,L9,high,D
33.167601,-90.257429,022,037,1131,3904,2025-09-22,1631,L9,high,D
33.167331,-90.257419,022,037,1131,3905,2025-09-22,1631,L9,high,D
33.167061,-90.257409,022,037,1131,3906,2025-09-22,1631,L9,high,D
33.166791,-90.257399,022,037,1131,3907,2025-09-22,1631,L9,high,D
33.16544,-90.257349,022,037,1131,3912,2025-09-22,1631,L9,high,D
33.16517,-90.257339,022,037,1131,3913,2025-09-22,1631,L9,high,D
33.169501,-90.257178,022,037,1132,3897,2025-09-22,1631,L9,high,D
33.169231,-90.257168,022,037,1132,3898,2025-09-22,1631,L9,high,D
33.168961,-90.257158,022,037,1132,3899,2025-09-22,1631,L9,high,D
33.16869,-90.257148,022,037,1132,3900,2025-09-22,1631,L9,high,D
33.16842,-90.257138,022,037,1132,3901,2025-09-22,1631,L9,high,D
33.16815,-90.257128,022,037,1132,3902,2025-09-22,1631,L9,high,D
33.16788,-90.257118,022,037,1132,3903,2025-09-22,1631,L9,high,D
33.16761,-90.257108,022,037,1132,3904,2025-09-22,1631,L9,high,D
33.16734,-90.257098,022,037,1132,3905,2025-09-22,1631,L9,high,D
33.16707,-90.257088,022,037,1132,3906,2025-09-22,1631,L9,high,D
33.166799,-90.257078,022,037,1132,3907,2025-09-22,1631,L9,high,D
33.165719,-90.257038,022,037,1132,3911,2025-09-22,1631,L9,high,D
33.165449,-90.257028,022,037,1132,3912,2025-09-22,1631,L9,high,D
33.165178,-90.257018,022,037,1132,3913,2025-09-22,1631,L9,high,D
33.168969,-90.256837,022,037,1133,3899,2025-09-22,1631,L9,high,D
33.168699,-90.256827,022,037,1133,3900,2025-09-22,1631,L9,high,D
33.168429,-90.256817,022,037,1133,3901,2025-09-22,1631,L9,high,D
33.168159,-90.256807,022,037,1133,3902,2025-09-22,1631,L9,high,D
33.167888,-90.256797,022,037,1133,3903,2025-09-22,1631,L9,high,D
33.167618,-90.256787,022,037,1133,3904,2025-09-22,1631,L9,high,D
33.167348,-90.256777,022,037,1133,3905,2025-09-22,1631,L9,high,D
33.167078,-90.256767,022,037,1133,3906,2025-09-22,1631,L9,high,D
33.166808,-90.256757,022,037,1133,3907,2025-09-22,1631,L9,high,D
33.166538,-90.256747,022,037,1133,3908,2025-09-22,1631,L9,high,D
33.165997,-90.256727,022,037,1133,3910,2025-09-22,1631,L9,high,D
33.165727,-90.256717,022,037,1133,3911,2025-09-22,1631,L9,high,D
33.165457,-90.256707,022,037,1133,3912,2025-09-22,1631,L9,high,D
33.165187,-90.256697,022,037,1133,3913,2025-09-22,1631,L9,high,D
33.164917,-90.256687,022,037,1133,3914,2025-09-22,1631,L9,high,D
33.164646,-90.256677,022,037,1133,3915,2025-09-22,1631,L9,high,D
33.168167,-90.256485,022,037,1134,3902,2025-09-22,1631,L9,high,D
33.167897,-90.256475,022,037,1134,3903,2025-09-22,1631,L9,high,D
33.167627,-90.256465,022,037,1134,3904,2025-09-22,1631,L9,high,D
33.167356,-90.256455,022,037,1134,3905,2025-09-22,1631,L9,high,D
33.167086,-90.256445,022,037,1134,3906,2025-09-22,1631,L9,high,D
33.166816,-90.256435,022,037,1134,3907,2025-09-22,1631,L9,high,D
33.166546,-90.256425,022,037,1134,3908,2025-09-22,1631,L9,high,D
33.166276,-90.256415,022,037,1134,3909,2025-09-22,1631,L9,high,D
33.166006,-90.256405,022,037,1134,3910,2025-09-22,1631,L9,high,D
33.165735,-90.256395,022,037,1134,3911,2025-09-22,1631,L9,high,D
33.165465,-90.256385,022,037,1134,3912,2025-09-22,1631,L9,high,D
33.165195,-90.256375,022,037,1134,3913,2025-09-22,1631,L9,high,D
33.164925,-90.256365,022,037,1134,3914,2025-09-22,1631,L9,high,D
33.167905,-90.256154,022,037,1135,3903,2025-09-22,1631,L9,high,D
33.167635,-90.256144,022,037,1135,3904,2025-09-22,1631,L9,high,D
33.167365,-90.256134,022,037,1135,3905,2025-09-22,1631,L9,high,D
33.167095,-90.256124,022,037,1135,3906,2025-09-22,1631,L9,high,D
33.166825,-90.256114,022,037,1135,3907,2025-09-22,1631,L9,high,D
33.166554,-90.256104,022,037,1135,3908,2025-09-22,1631,L9,high,D
33.150566,-90.141705,022,037,1489,3978,2025-09-22,1631,L9,high,D
33.150295,-90.141696,022,037,1489,3979,2025-09-22,1631,L9,high,D
33.150066,-90.14008,022,037,1494,3980,2025-09-22,1631,L9,high,D
33.149795,-90.14007,022,037,1494,3981,2025-09-22,1631,L9,high,D
33.150074,-90.139759,022,037,1495,3980,2025-09-22,1631,L9,high,D
33.149804,-90.139749,022,037,1495,3981,2025-09-22,1631,L9,high,D
32.417737,-90.01622,022,037,1802,6699,2025-09-22,1631,L9,low,D
32.503592,-90.011425,022,037,1826,6382,2025-09-22,1631,L9,medium,D
32.415529,-89.938023,022,037,2047,6714,2025-09-22,1631,L9,high,D
32.390459,-89.911069,022,037,2129,6809,2025-09-22,1631,L9,high,D
32.391006,-89.910768,022,037,2130,6807,2025-09-22,1631,L9,high,D
32.390736,-89.910759,022,037,2130,6808,2025-09-22,1631,L9,medium,D
32.390466,-89.910751,022,037,2130,6809,2025-09-22,1631,L9,high,D
32.390196,-89.910742,022,037,2130,6810,2025-09-22,1631,L9,high,D
32.390473,-89.910432,022,037,2131,6809,2025-09-22,1631,L9,high,D
32.390203,-89.910424,022,037,2131,6810,2025-09-22,1631,L9,high,D
32.391021,-89.910131,022,037,2132,6807,2025-09-22,1631,L9,low,D
32.390751,-89.910122,022,037,2132,6808,2025-09-22,1631,L9,high,D
32.390481,-89.910114,022,037,2132,6809,2025-09-22,1631,L9,high,D
32.54699,-89.619745,022,037,3057,6254,2025-09-22,1631,L9,high,D
32.451635,-89.493189,022,037,3445,6616,2025-09-22,1631,L9,high,D
32.624457,-89.467923,022,037,3539,5979,2025-09-22,1631,L9,high,D
32.624187,-89.467916,022,037,3539,5980,2025-09-22,1631,L9,low,D
32.624464,-89.467603,022,037,3540,5979,2025-09-22,1631,L9,low,D
32.624193,-89.467596,022,037,3540,5980,2025-09-22,1631,L9,high,D
33.041139,-89.322427,022,037,4028,4449,2025-09-22,1631,L9,high,D
33.041415,-89.322113,022,037,4029,4448,2025-09-22,1631,L9,high,D
33.041145,-89.322106,022,037,4029,4449,2025-09-22,1631,L9,high,D
34.009851,-89.077919,022,037,4861,884,2025-09-22,1631,L9,low,D
33.803016,-88.700576,022,037,6010,1670,2025-09-22,1631,L9,high,D
33.440317,-88.570514,022,037,6391,3017,2025-09-22,1631,L9,high,D
33.440592,-88.570196,022,037,6392,3016,2025-09-22,1631,L9,high,D
33.440321,-88.570191,022,037,6392,3017,2025-09-22,1631,L9,high,D
33.440051,-88.570186,022,037,6392,3018,2025-09-22,1631,L9,high,D
33.448444,-88.569692,022,037,6394,2987,2025-09-22,1631,L9,high,D
33.448448,-88.569369,022,037,6395,2987,2025-09-22,1631,L9,high,D
33.439252,-88.569203,022,037,6395,3021,2025-09-22,1631,L9,high,D
33.846627,-88.464428,022,037,6741,1520,2025-09-22,1631,L9,high,D
33.846357,-88.464424,022,037,6741,1521,2025-09-22,1631,L9,high,D
33.846086,-88.464419,022,037,6741,1522,2025-09-22,1631,L9,low,D
33.845816,-88.464415,022,037,6741,1523,2025-09-22,1631,L9,high,D
33.845545,-88.46441,022,037,6741,1524,2025-09-22,1631,L9,high,D
33.845275,-88.464405,022,037,6741,1525,2025-09-22,1631,L9,high,D
33.845004,-88.464401,022,037,6741,1526,2025-09-22,1631,L9,high,D
33.846901,-88.464109,022,037,6742,1519,2025-09-22,1631,L9,low,D
33.846631,-88.464104,022,037,6742,1520,2025-09-22,1631,L9,high,D
33.846361,-88.4641,022,037,6742,1521,2025-09-22,1631,L9,medium,D
33.84609,-88.464095,022,037,6742,1522,2025-09-22,1631,L9,high,D
33.84582,-88.46409,022,037,6742,1523,2025-09-22,1631,L9,high,D
33.845549,-88.464086,022,037,6742,1524,2025-09-22,1631,L9,high,D
33.845279,-88.464081,022,037,6742,1525,2025-09-22,1631,L9,high,D
33.845008,-88.464077,022,037,6742,1526,2025-09-22,1631,L9,high,D
33.844738,-88.464072,022,037,6742,1527,2025-09-22,1631,L9,high,D
33.844467,-88.464067,022,037,6742,1528,2025-09-22,1631,L9,high,D
33.844197,-88.464063,022,037,6742,1529,2025-09-22,1631,L9,low,D
33.846635,-88.46378,022,037,6743,1520,2025-09-22,1631,L9,high,D
33.846364,-88.463775,022,037,6743,1521,2025-09-22,1631,L9,medium,D
33.846094,-88.463771,022,037,6743,1522,2025-09-22,1631,L9,high,D
33.845823,-88.463766,022,037,6743,1523,2025-09-22,1631,L9,high,D
33.845553,-88.463762,022,037,6743,1524,2025-09-22,1631,L9,high,D
33.845282,-88.463757,022,037,6743,1525,2025-09-22,1631,L9,high,D
33.845012,-88.463752,022,037,6743,1526,2025-09-22,1631,L9,high,D
33.844741,-88.463748,022,037,6743,1527,2025-09-22,1631,L9,high,D
33.844471,-88.463743,022,037,6743,1528,2025-09-22,1631,L9,high,D
33.8442,-88.463739,022,037,6743,1529,2025-09-22,1631,L9,high,D
33.84393,-88.463734,022,037,6743,1530,2025-09-22,1631,L9,low,D
33.846639,-88.463456,022,037,6744,1520,2025-09-22,1631,L9,low,D
33.846368,-88.463451,022,037,6744,1521,2025-09-22,1631,L9,low,D
33.846098,-88.463447,022,037,6744,1522,2025-09-22,1631,L9,high,D
33.845827,-88.463442,022,037,6744,1523,2025-09-22,1631,L9,high,D
33.845557,-88.463437,022,037,6744,1524,2025-09-22,1631,L9,high,D
33.845286,-88.463433,022,037,6744,1525,2025-09-22,1631,L9,high,D
33.845016,-88.463428,022,037,6744,1526,2025-09-22,1631,L9,high,D
33.844745,-88.463424,022,037,6744,1527,2025-09-22,1631,L9,high,D
33.844475,-88.463419,022,037,6744,1528,2025-09-22,1631,L9,high,D
33.844204,-88.463414,022,037,6744,1529,2025-09-22,1631,L9,high,D
33.843934,-88.46341,022,037,6744,1530,2025-09-22,1631,L9,high,D
33.843663,-88.463405,022,037,6744,1531,2025-09-22,1631,L9,high,D
33.846913,-88.463136,022,037,6745,1519,2025-09-22,1631,L9,low,D
33.846643,-88.463132,022,037,6745,1520,2025-09-22,1631,L9,high,D
33.846372,-88.463127,022,037,6745,1521,2025-09-22,1631,L9,medium,D
33.846102,-88.463122,022,037,6745,1522,2025-09-22,1631,L9,high,D
33.845831,-88.463118,022,037,6745,1523,2025-09-22,1631,L9,high,D
33.845561,-88.463113,022,037,6745,1524,2025-09-22,1631,L9,high,D
33.84529,-88.463109,022,037,6745,1525,2025-09-22,1631,L9,high,D
33.84502,-88.463104,022,037,6745,1526,2025-09-22,1631,L9,high,D
33.844749,-88.463099,022,037,6745,1527,2025-09-22,1631,L9,low,D
33.844479,-88.463095,022,037,6745,1528,2025-09-22,1631,L9,high,D
33.844208,-88.46309,022,037,6745,1529,2025-09-22,1631,L9,high,D
33.843938,-88.463086,022,037,6745,1530,2025-09-22,1631,L9,high,D
33.843667,-88.463081,022,037,6745,1531,2025-09-22,1631,L9,high,D
33.846917,-88.462812,022,037,6746,1519,2025-09-22,1631,L9,high,D
33.846646,-88.462808,022,037,6746,1520,2025-09-22,1631,L9,high,D
33.846376,-88.462803,022,037,6746,1521,2025-09-22,1631,L9,medium,D
33.846105,-88.462798,022,037,6746,1522,2025-09-22,1631,L9,high,D
33.845835,-88.462794,022,037,6746,1523,2025-09-22,1631,L9,high,D
33.845564,-88.462789,022,037,6746,1524,2025-09-22,1631,L9,high,D
33.845294,-88.462784,022,037,6746,1525,2025-09-22,1631,L9,low,D
33.843942,-88.462761,022,037,6746,1530,2025-09-22,1631,L9,low,D
33.843671,-88.462757,022,037,6746,1531,2025-09-22,1631,L9,low,D
33.846921,-88.462488,022,037,6747,1519,2025-09-22,1631,L9,low,D
33.84665,-88.462483,022,037,6747,1520,2025-09-22,1631,L9,high,D
33.851256,-88.461913,022,037,6749,1503,2025-09-22,1631,L9,medium,D
33.850986,-88.461909,022,037,6749,1504,2025-09-22,1631,L9,high,D
33.850174,-88.461895,022,037,6749,1507,2025-09-22,1631,L9,low,D
33.849904,-88.46189,022,037,6749,1508,2025-09-22,1631,L9,low,D
33.84774,-88.461853,022,037,6749,1516,2025-09-22,1631,L9,high,D
33.847469,-88.461849,022,037,6749,1517,2025-09-22,1631,L9,high,D
33.847199,-88.461844,022,037,6749,1518,2025-09-22,1631,L9,low,D
33.85126,-88.461589,022,037,6750,1503,2025-09-22,1631,L9,high,D
33.85099,-88.461585,022,037,6750,1504,2025-09-22,1631,L9,high,D
33.850719,-88.46158,022,037,6750,1505,2025-09-22,1631,L9,medium,D
33.850178,-88.461571,022,037,6750,1507,2025-09-22,1631,L9,low,D
33.849637,-88.461562,022,037,6750,1509,2025-09-22,1631,L9,high,D
33.849367,-88.461557,022,037,6750,1510,2025-09-22,1631,L9,low,D
33.848826,-88.461548,022,037,6750,1512,2025-09-22,1631,L9,high,D
33.848555,-88.461543,022,037,6750,1513,2025-09-22,1631,L9,high,D
33.848285,-88.461538,022,037,6750,1514,2025-09-22,1631,L9,high,D
33.848014,-88.461534,022,037,6750,1515,2025-09-22,1631,L9,low,D
33.847744,-88.461529,022,037,6750,1516,2025-09-22,1631,L9,low,D
33.847473,-88.461525,022,037,6750,1517,2025-09-22,1631,L9,high,D
33.847203,-88.46152,022,037,6750,1518,2025-09-22,1631,L9,medium,D
33.851264,-88.461265,022,037,6751,1503,2025-09-22,1631,L9,high,D
33.850993,-88.46126,022,037,6751,1504,2025-09-22,1631,L9,high,D
33.848559,-88.461219,022,037,6751,1513,2025-09-22,1631,L9,medium,D
33.848289,-88.461214,022,037,6751,1514,2025-09-22,1631,L9,high,D
33.848018,-88.46121,022,037,6751,1515,2025-09-22,1631,L9,low,D
33.847748,-88.461205,022,037,6751,1516,2025-09-22,1631,L9,low,D
33.847477,-88.4612,022,037,6751,1517,2025-09-22,1631,L9,medium,D
33.847207,-88.461196,022,037,6751,1518,2025-09-22,1631,L9,high,D
33.846936,-88.461191,022,037,6751,1519,2025-09-22,1631,L9,low,D
33.851268,-88.460941,022,037,6752,1503,2025-09-22,1631,L9,high,D
33.850997,-88.460936,022,037,6752,1504,2025-09-22,1631,L9,high,D
33.848563,-88.460895,022,037,6752,1513,2025-09-22,1631,L9,low,D
33.848292,-88.46089,022,037,6752,1514,2025-09-22,1631,L9,high,D
33.848022,-88.460886,022,037,6752,1515,2025-09-22,1631,L9,high,D
33.847751,-88.460881,022,037,6752,1516,2025-09-22,1631,L9,high,D
33.847481,-88.460876,022,037,6752,1517,2025-09-22,1631,L9,medium,D
33.84721,-88.460872,022,037,6752,1518,2025-09-22,1631,L9,high,D
33.84694,-88.460867,022,037,6752,1519,2025-09-22,1631,L9,high,D
33.851272,-88.460617,022,037,6753,1503,2025-09-22,1631,L9,medium,D
33.851001,-88.460612,022,037,6753,1504,2025-09-22,1631,L9,low,D
33.848567,-88.460571,022,037,6753,1513,2025-09-22,1631,L9,low,D
33.848296,-88.460566,022,037,6753,1514,2025-09-22,1631,L9,high,D
33.848026,-88.460561,022,037,6753,1515,2025-09-22,1631,L9,high,D
33.847755,-88.460557,022,037,6753,1516,2025-09-22,1631,L9,high,D
33.847214,-88.460548,022,037,6753,1518,2025-09-22,1631,L9,low,D
33.8483,-88.460242,022,037,6754,1514,2025-09-22,1631,L9,low,D
33.847489,-88.460228,022,037,6754,1517,2025-09-22,1631,L9,high,D
33.847218,-88.460223,022,037,6754,1518,2025-09-22,1631,L9,high,D
33.851279,-88.459968,022,037,6755,1503,2025-09-22,1631,L9,high,D
33.850468,-88.459954,022,037,6755,1506,2025-09-22,1631,L9,medium,D
33.850197,-88.45995,022,037,6755,1507,2025-09-22,1631,L9,high,D
33.849927,-88.459945,022,037,6755,1508,2025-09-22,1631,L9,medium,D
33.851283,-88.459644,022,037,6756,1503,2025-09-22,1631,L9,medium,D
33.851013,-88.459639,022,037,6756,1504,2025-09-22,1631,L9,medium,D
33.850742,-88.459635,022,037,6756,1505,2025-09-22,1631,L9,medium,D
33.850472,-88.45963,022,037,6756,1506,2025-09-22,1631,L9,high,D
33.850201,-88.459626,022,037,6756,1507,2025-09-22,1631,L9,high,D
33.847767,-88.459584,022,037,6756,1516,2025-09-22,1631,L9,low,D
33.847496,-88.45958,022,037,6756,1517,2025-09-22,1631,L9,low,D
33.330109,-88.420916,022,037,6849,3431,2025-09-22,1631,L9,high,D
33.330384,-88.420598,022,037,6850,3430,2025-09-22,1631,L9,high,D
33.330113,-88.420594,022,037,6850,3431,2025-09-22,1631,L9,high,D
33.283925,-88.413725,022,037,6869,3602,2025-09-22,1631,L9,medium,D
33.283654,-88.41372,022,037,6869,3603,2025-09-22,1631,L9,medium,D
33.281227,-88.413037,022,037,6871,3612,2025-09-22,1631,L9,medium,D
33.28096,-88.41271,022,037,6872,3613,2025-09-22,1631,L9,high,D
33.280964,-88.412388,022,037,6873,3613,2025-09-22,1631,L9,medium,D
33.283673,-88.41211,022,037,6874,3603,2025-09-22,1631,L9,high,D
33.283947,-88.411792,022,037,6875,3602,2025-09-22,1631,L9,medium,D
33.283676,-88.411788,022,037,6875,3603,2025-09-22,1631,L9,medium,D
33.283135,-88.411779,022,037,6875,3605,2025-09-22,1631,L9,high,D
33.283409,-88.411461,022,037,6876,3604,2025-09-22,1631,L9,high,D
33.283139,-88.411457,022,037,6876,3605,2025-09-22,1631,L9,high,D
33.468256,-88.382814,022,037,6974,2922,2025-09-22,1631,L9,low,D
33.550873,-88.374112,022,037,7005,2617,2025-09-22,1631,L9,high,D
33.550602,-88.374108,022,037,7005,2618,2025-09-22,1631,L9,medium,D
33.550877,-88.373789,022,037,7006,2617,2025-09-22,1631,L9,high,D
33.550606,-88.373785,022,037,7006,2618,2025-09-22,1631,L9,medium,D
33.403223,-88.317266,022,037,7174,3165,2025-09-22,1631,L9,medium,D
33.402952,-88.317262,022,037,7174,3166,2025-09-22,1631,L9,medium,D
33.402956,-88.316939,022,037,7175,3166,2025-09-22,1631,L9,medium,D
28.760597,-91.40526,022,040,867,4277,2025-09-22,1632,L9,high,D
29.487594,-90.291767,022,040,4430,1525,2025-09-22,1632,L9,high,D
29.487588,-90.291458,022,040,4431,1525,2025-09-22,1632,L9,high,D
29.601534,-89.897375,022,040,5694,1072,2025-09-22,1632,L9,low,D
29.600993,-89.897391,022,040,5694,1074,2025-09-22,1632,L9,low,D
29.600445,-89.897098,022,040,5695,1076,2025-09-22,1632,L9,high,D
29.596113,-89.896922,022,040,5696,1092,2025-09-22,1632,L9,medium,D
29.595697,-89.890743,022,040,5716,1093,2025-09-22,1632,L9,high,D
29.596231,-89.890417,022,040,5717,1091,2025-09-22,1632,L9,high,D
29.596764,-89.890091,022,040,5718,1089,2025-09-22,1632,L9,high,D
41.870372,-87.887922,022,031,841,3495,2025-09-22,1629,L9,low,D
41.870101,-87.887919,022,031,841,3496,2025-09-22,1629,L9,low,D
41.383963,-87.544361,022,031,1780,5303,2025-09-22,1629,L9,low,D
41.672373,-87.463533,022,031,2011,4237,2025-09-22,1629,L9,high,D
41.672103,-87.463531,022,031,2011,4238,2025-09-22,1629,L9,medium,D
41.680335,-87.43115,022,031,2101,4208,2025-09-22,1629,L9,medium,D
41.671689,-87.431092,022,031,2101,4240,2025-09-22,1629,L9,medium,D
41.671418,-87.43109,022,031,2101,4241,2025-09-22,1629,L9,medium,D
41.680607,-87.430791,022,031,2102,4207,2025-09-22,1629,L9,medium,D
41.67169,-87.430732,022,031,2102,4240,2025-09-22,1629,L9,high,D
41.680878,-87.430433,022,031,2103,4206,2025-09-22,1629,L9,medium,D
41.68115,-87.430074,022,031,2104,4205,2025-09-22,1629,L9,medium,D
41.681422,-87.429715,022,031,2105,4204,2025-09-22,1629,L9,high,D
41.681151,-87.429714,022,031,2105,4205,2025-09-22,1629,L9,medium,D
41.681693,-87.429357,022,031,2106,4203,2025-09-22,1629,L9,high,D
41.681423,-87.429355,022,031,2106,4204,2025-09-22,1629,L9,high,D
41.681965,-87.428998,022,031,2107,4202,2025-09-22,1629,L9,medium,D
41.681694,-87.428996,022,031,2107,4203,2025-09-22,1629,L9,medium,D
41.683598,-87.425765,022,031,2116,4196,2025-09-22,1629,L9,medium,D
41.683328,-87.425763,022,031,2116,4197,2025-09-22,1629,L9,medium,D
41.683599,-87.425404,022,031,2117,4196,2025-09-22,1629,L9,medium,D
41.683602,-87.424683,022,031,2119,4196,2025-09-22,1629,L9,medium,D
41.683603,-87.424323,022,031,2120,4196,2025-09-22,1629,L9,medium,D
41.683067,-87.423238,022,031,2123,4198,2025-09-22,1629,L9,high,D
41.682797,-87.423236,022,031,2123,4199,2025-09-22,1629,L9,high,D
41.640699,-87.407831,022,031,2165,4355,2025-09-22,1629,L9,low,D
41.621987,-87.345773,022,031,2337,4425,2025-09-22,1629,L9,medium,D
41.624992,-87.334625,022,031,2368,4414,2025-09-22,1629,L9,medium,D
41.618517,-87.331351,022,031,2377,4438,2025-09-22,1629,L9,medium,D
41.618788,-87.330992,022,031,2378,4437,2025-09-22,1629,L9,medium,D
41.618518,-87.330991,022,031,2378,4438,2025-09-22,1629,L9,high,D
41.618248,-87.330989,022,031,2378,4439,2025-09-22,1629,L9,high,D
41.617977,-87.330988,022,031,2378,4440,2025-09-22,1629,L9,medium,D
41.618789,-87.330632,022,031,2379,4437,2025-09-22,1629,L9,high,D
41.618519,-87.330631,022,031,2379,4438,2025-09-22,1629,L9,high,D
41.618249,-87.330629,022,031,2379,4439,2025-09-22,1629,L9,high,D
41.617978,-87.330628,022,031,2379,4440,2025-09-22,1629,L9,high,D
41.624194,-87.3303,022,031,2380,4417,2025-09-22,1629,L9,medium,D
41.61852,-87.330271,022,031,2380,4438,2025-09-22,1629,L9,medium,D
41.61825,-87.330269,022,031,2380,4439,2025-09-22,1629,L9,medium,D
41.623116,-87.329574,022,031,2382,4421,2025-09-22,1629,L9,medium,D
41.622845,-87.329572,022,031,2382,4422,2025-09-22,1629,L9,medium,D
41.623119,-87.328493,022,031,2385,4421,2025-09-22,1629,L9,medium,D
41.62312,-87.328133,022,031,2386,4421,2025-09-22,1629,L9,medium,D
41.621769,-87.328126,022,031,2386,4426,2025-09-22,1629,L9,high,D
41.621498,-87.328125,022,031,2386,4427,2025-09-22,1629,L9,high,D
41.616635,-87.3281,022,031,2386,4445,2025-09-22,1629,L9,high,D
41.613932,-87.328087,022,031,2386,4455,2025-09-22,1629,L9,medium,D
41.613392,-87.328084,022,031,2386,4457,2025-09-22,1629,L9,medium,D
41.62177,-87.327766,022,031,2387,4426,2025-09-22,1629,L9,medium,D
41.621499,-87.327765,022,031,2387,4427,2025-09-22,1629,L9,high,D
41.621229,-87.327764,022,031,2387,4428,2025-09-22,1629,L9,medium,D
41.616906,-87.327742,022,031,2387,4444,2025-09-22,1629,L9,high,D
41.616636,-87.32774,022,031,2387,4445,2025-09-22,1629,L9,high,D
41.616365,-87.327739,022,031,2387,4446,2025-09-22,1629,L9,medium,D
41.613933,-87.327727,022,031,2387,4455,2025-09-22,1629,L9,high,D
41.616907,-87.327382,022,031,2388,4444,2025-09-22,1629,L9,high,D
41.616637,-87.32738,022,031,2388,4445,2025-09-22,1629,L9,high,D
41.628363,-87.143041,022,031,2900,4403,2025-09-22,1629,L9,high,D
41.628093,-87.14304,022,031,2900,4404,2025-09-22,1629,L9,high,D
41.637012,-87.141619,022,031,2904,4371,2025-09-22,1629,L9,medium,D
41.642687,-87.140551,022,031,2907,4350,2025-09-22,1629,L9,low,D
41.642688,-87.140191,022,031,2908,4350,2025-09-22,1629,L9,low,D
41.642418,-87.14019,022,031,2908,4351,2025-09-22,1629,L9,low,D
41.642688,-87.139831,022,031,2909,4350,2025-09-22,1629,L9,high,D
41.642418,-87.13983,022,031,2909,4351,2025-09-22,1629,L9,high,D
41.642959,-87.139471,022,031,2910,4349,2025-09-22,1629,L9,low,D
41.642689,-87.13947,022,031,2910,4350,2025-09-22,1629,L9,low,D
42.421338,-86.231001,022,031,5406,1459,2025-09-22,1629,L9,high,D
42.421068,-86.231004,022,031,5406,1460,2025-09-22,1629,L9,low,D
42.371417,-86.162745,022,031,5595,1642,2025-09-22,1629,L9,low,D
42.371147,-86.162749,022,031,5595,1643,2025-09-22,1629,L9,low,D
42.422397,-85.985208,022,031,6080,1448,2025-09-22,1629,L9,low,D
34.009851,-89.077919,022,036,3511,6154,2025-09-22,1631,L9,low,D
33.803016,-88.700576,022,036,4660,6940,2025-09-22,1631,L9,high,D
34.24505,-88.57912,022,036,5060,5312,2025-09-22,1631,L9,high,D
34.24478,-88.579115,022,036,5060,5313,2025-09-22,1631,L9,high,D
34.245054,-88.578794,022,036,5061,5312,2025-09-22,1631,L9,high,D
34.245063,-88.578143,022,036,5063,5312,2025-09-22,1631,L9,high,D
34.244792,-88.578138,022,036,5063,5313,2025-09-22,1631,L9,low,D
34.245067,-88.577817,022,036,5064,5312,2025-09-22,1631,L9,high,D
33.846627,-88.464428,022,036,5391,6790,2025-09-22,1631,L9,high,D
33.846357,-88.464424,022,036,5391,6791,2025-09-22,1631,L9,high,D
33.846086,-88.464419,022,036,5391,6792,2025-09-22,1631,L9,low,D
33.845816,-88.464415,022,036,5391,6793,2025-09-22,1631,L9,high,D
33.845545,-88.46441,022,036,5391,6794,2025-09-22,1631,L9,high,D
33.845275,-88.464405,022,036,5391,6795,2025-09-22,1631,L9,high,D
33.845004,-88.464401,022,036,5391,6796,2025-09-22,1631,L9,high,D
33.846631,-88.464104,022,036,5392,6790,2025-09-22,1631,L9,high,D
33.846361,-88.4641,022,036,5392,6791,2025-09-22,1631,L9,medium,D
33.84609,-88.464095,022,036,5392,6792,2025-09-22,1631,L9,high,D
33.84582,-88.46409,022,036,5392,6793,2025-09-22,1631,L9,high,D
33.845549,-88.464086,022,036,5392,6794,2025-09-22,1631,L9,high,D
33.845279,-88.464081,022,036,5392,6795,2025-09-22,1631,L9,high,D
33.845008,-88.464077,022,036,5392,6796,2025-09-22,1631,L9,high,D
33.844738,-88.464072,022,036,5392,6797,2025-09-22,1631,L9,high,D
33.844467,-88.464067,022,036,5392,6798,2025-09-22,1631,L9,high,D
33.844197,-88.464063,022,036,5392,6799,2025-09-22,1631,L9,low,D
33.846635,-88.46378,022,036,5393,6790,2025-09-22,1631,L9,high,D
33.846364,-88.463775,022,036,5393,6791,2025-09-22,1631,L9,medium,D
33.846094,-88.463771,022,036,5393,6792,2025-09-22,1631,L9,high,D
33.845823,-88.463766,022,036,5393,6793,2025-09-22,1631,L9,high,D
33.845553,-88.463762,022,036,5393,6794,2025-09-22,1631,L9,high,D
33.845282,-88.463757,022,036,5393,6795,2025-09-22,1631,L9,high,D
33.845012,-88.463752,022,036,5393,6796,2025-09-22,1631,L9,high,D
33.844741,-88.463748,022,036,5393,6797,2025-09-22,1631,L9,high,D
33.844471,-88.463743,022,036,5393,6798,2025-09-22,1631,L9,high,D
33.8442,-88.463739,022,036,5393,6799,2025-09-22,1631,L9,high,D
33.84393,-88.463734,022,036,5393,6800,2025-09-22,1631,L9,low,D
33.846639,-88.463456,022,036,5394,6790,2025-09-22,1631,L9,low,D
33.846098,-88.463447,022,036,5394,6792,2025-09-22,1631,L9,high,D
33.845827,-88.463442,022,036,5394,6793,2025-09-22,1631,L9,high,D
33.845557,-88.463437,022,036,5394,6794,2025-09-22,1631,L9,high,D
33.845286,-88.463433,022,036,5394,6795,2025-09-22,1631,L9,high,D
33.845016,-88.463428,022,036,5394,6796,2025-09-22,1631,L9,high,D
33.844745,-88.463424,022,036,5394,6797,2025-09-22,1631,L9,high,D
33.844475,-88.463419,022,036,5394,6798,2025-09-22,1631,L9,high,D
33.844204,-88.463414,022,036,5394,6799,2025-09-22,1631,L9,high,D
33.843934,-88.46341,022,036,5394,6800,2025-09-22,1631,L9,high,D
33.843663,-88.463405,022,036,5394,6801,2025-09-22,1631,L9,high,D
33.843393,-88.463401,022,036,5394,6802,2025-09-22,1631,L9,low,D
33.846913,-88.463136,022,036,5395,6789,2025-09-22,1631,L9,low,D
33.846643,-88.463132,022,036,5395,6790,2025-09-22,1631,L9,high,D
33.846372,-88.463127,022,036,5395,6791,2025-09-22,1631,L9,medium,D
33.846102,-88.463122,022,036,5395,6792,2025-09-22,1631,L9,high,D
33.845831,-88.463118,022,036,5395,6793,2025-09-22,1631,L9,high,D
33.845561,-88.463113,022,036,5395,6794,2025-09-22,1631,L9,high,D
33.84529,-88.463109,022,036,5395,6795,2025-09-22,1631,L9,high,D
33.84502,-88.463104,022,036,5395,6796,2025-09-22,1631,L9,high,D
33.844749,-88.463099,022,036,5395,6797,2025-09-22,1631,L9,low,D
33.844479,-88.463095,022,036,5395,6798,2025-09-22,1631,L9,high,D
33.844208,-88.46309,022,036,5395,6799,2025-09-22,1631,L9,high,D
33.843938,-88.463086,022,036,5395,6800,2025-09-22,1631,L9,high,D
33.843667,-88.463081,022,036,5395,6801,2025-09-22,1631,L9,high,D
33.846917,-88.462812,022,036,5396,6789,2025-09-22,1631,L9,medium,D
33.846646,-88.462808,022,036,5396,6790,2025-09-22,1631,L9,high,D
33.846376,-88.462803,022,036,5396,6791,2025-09-22,1631,L9,medium,D
33.846105,-88.462798,022,036,5396,6792,2025-09-22,1631,L9,high,D
33.845835,-88.462794,022,036,5396,6793,2025-09-22,1631,L9,high,D
33.845564,-88.462789,022,036,5396,6794,2025-09-22,1631,L9,high,D
33.845294,-88.462784,022,036,5396,6795,2025-09-22,1631,L9,low,D
33.843942,-88.462761,022,036,5396,6800,2025-09-22,1631,L9,low,D
33.843671,-88.462757,022,036,5396,6801,2025-09-22,1631,L9,low,D
33.846921,-88.462488,022,036,5397,6789,2025-09-22,1631,L9,low,D
33.84665,-88.462483,022,036,5397,6790,2025-09-22,1631,L9,high,D
33.84638,-88.462479,022,036,5397,6791,2025-09-22,1631,L9,low,D
33.851256,-88.461913,022,036,5399,6773,2025-09-22,1631,L9,medium,D
33.850986,-88.461909,022,036,5399,6774,2025-09-22,1631,L9,high,D
33.850174,-88.461895,022,036,5399,6777,2025-09-22,1631,L9,low,D
33.849904,-88.46189,022,036,5399,6778,2025-09-22,1631,L9,medium,D
33.84774,-88.461853,022,036,5399,6786,2025-09-22,1631,L9,medium,D
33.847469,-88.461849,022,036,5399,6787,2025-09-22,1631,L9,high,D
33.847199,-88.461844,022,036,5399,6788,2025-09-22,1631,L9,low,D
33.85126,-88.461589,022,036,5400,6773,2025-09-22,1631,L9,high,D
33.85099,-88.461585,022,036,5400,6774,2025-09-22,1631,L9,high,D
33.850719,-88.46158,022,036,5400,6775,2025-09-22,1631,L9,medium,D
33.850178,-88.461571,022,036,5400,6777,2025-09-22,1631,L9,low,D
33.849637,-88.461562,022,036,5400,6779,2025-09-22,1631,L9,high,D
33.849367,-88.461557,022,036,5400,6780,2025-09-22,1631,L9,low,D
33.848826,-88.461548,022,036,5400,6782,2025-09-22,1631,L9,medium,D
33.848555,-88.461543,022,036,5400,6783,2025-09-22,1631,L9,high,D
33.848285,-88.461538,022,036,5400,6784,2025-09-22,1631,L9,high,D
33.848014,-88.461534,022,036,5400,6785,2025-09-22,1631,L9,low,D
33.847744,-88.461529,022,036,5400,6786,2025-09-22,1631,L9,low,D
33.847473,-88.461525,022,036,5400,6787,2025-09-22,1631,L9,high,D
33.847203,-88.46152,022,036,5400,6788,2025-09-22,1631,L9,medium,D
33.851264,-88.461265,022,036,5401,6773,2025-09-22,1631,L9,high,D
33.850993,-88.46126,022,036,5401,6774,2025-09-22,1631,L9,high,D
33.848559,-88.461219,022,036,5401,6783,2025-09-22,1631,L9,medium,D
33.848289,-88.461214,022,036,5401,6784,2025-09-22,1631,L9,high,D
33.848018,-88.46121,022,036,5401,6785,2025-09-22,1631,L9,low,D
33.847748,-88.461205,022,036,5401,6786,2025-09-22,1631,L9,low,D
33.847477,-88.4612,022,036,5401,6787,2025-09-22,1631,L9,medium,D
33.847207,-88.461196,022,036,5401,6788,2025-09-22,1631,L9,high,D
33.846936,-88.461191,022,036,5401,6789,2025-09-22,1631,L9,low,D
33.851268,-88.460941,022,036,5402,6773,2025-09-22,1631,L9,high,D
33.850997,-88.460936,022,036,5402,6774,2025-09-22,1631,L9,high,D
33.848292,-88.46089,022,036,5402,6784,2025-09-22,1631,L9,high,D
33.848022,-88.460886,022,036,5402,6785,2025-09-22,1631,L9,high,D
33.847751,-88.460881,022,036,5402,6786,2025-09-22,1631,L9,high,D
33.847481,-88.460876,022,036,5402,6787,2025-09-22,1631,L9,medium,D
33.84721,-88.460872,022,036,5402,6788,2025-09-22,1631,L9,high,D
33.84694,-88.460867,022,036,5402,6789,2025-09-22,1631,L9,high,D
33.851272,-88.460617,022,036,5403,6773,2025-09-22,1631,L9,medium,D
33.851001,-88.460612,022,036,5403,6774,2025-09-22,1631,L9,low,D
33.848296,-88.460566,022,036,5403,6784,2025-09-22,1631,L9,high,D
33.848026,-88.460561,022,036,5403,6785,2025-09-22,1631,L9,medium,D
33.847755,-88.460557,022,036,5403,6786,2025-09-22,1631,L9,high,D
33.847214,-88.460548,022,036,5403,6788,2025-09-22,1631,L9,low,D
33.8483,-88.460242,022,036,5404,6784,2025-09-22,1631,L9,low,D
33.847489,-88.460228,022,036,5404,6787,2025-09-22,1631,L9,high,D
33.847218,-88.460223,022,036,5404,6788,2025-09-22,1631,L9,high,D
33.851279,-88.459968,022,036,5405,6773,2025-09-22,1631,L9,medium,D
33.850468,-88.459954,022,036,5405,6776,2025-09-22,1631,L9,medium,D
33.850197,-88.45995,022,036,5405,6777,2025-09-22,1631,L9,high,D
33.849927,-88.459945,022,036,5405,6778,2025-09-22,1631,L9,medium,D
33.851283,-88.459644,022,036,5406,6773,2025-09-22,1631,L9,medium,D
33.851013,-88.459639,022,036,5406,6774,2025-09-22,1631,L9,medium,D
33.850742,-88.459635,022,036,5406,6775,2025-09-22,1631,L9,medium,D
33.850472,-88.45963,022,036,5406,6776,2025-09-22,1631,L9,high,D
33.850201,-88.459626,022,036,5406,6777,2025-09-22,1631,L9,high,D
33.849931,-88.459621,022,036,5406,6778,2025-09-22,1631,L9,low,D
33.847767,-88.459584,022,036,5406,6786,2025-09-22,1631,L9,low,D
33.847496,-88.45958,022,036,5406,6787,2025-09-22,1631,L9,low,D
35.251896,-88.375502,022,036,5736,1599,2025-09-22,1631,L9,low,D
35.251626,-88.375497,022,036,5736,1600,2025-09-22,1631,L9,high,D
35.2519,-88.375172,022,036,5737,1599,2025-09-22,1631,L9,low,D
35.251629,-88.375168,022,036,5737,1600,2025-09-22,1631,L9,high,D
35.070361,-88.085875,022,036,6607,2281,2025-09-22,1631,L9,low,D
35.133744,-87.980688,022,036,6929,2050,2025-09-22,1631,L9,medium,D
35.251896,-88.375502,022,035,4396,6869,2025-09-22,1630,L9,low,D
35.251626,-88.375497,022,035,4396,6870,2025-09-22,1630,L9,low,D
35.2519,-88.375172,022,035,4397,6869,2025-09-22,1630,L9,low,D
35.251629,-88.375168,022,035,4397,6870,2025-09-22,1630,L9,high,D
35.070361,-88.085875,022,035,5267,7551,2025-09-22,1630,L9,low,D
35.133744,-87.980688,022,035,5589,7320,2025-09-22,1630,L9,medium,D
43.652886,-86.22179,022,030,4099,2170,2025-09-22,1628,L9,high,D
43.652616,-86.221793,022,030,4099,2171,2025-09-22,1628,L9,high,D
43.653153,-86.221414,022,030,4100,2169,2025-09-22,1628,L9,high,D
43.652883,-86.221418,022,030,4100,2170,2025-09-22,1628,L9,high,D
43.652613,-86.221421,022,030,4100,2171,2025-09-22,1628,L9,high,D
43.652881,-86.221046,022,030,4101,2170,2025-09-22,1628,L9,high,D
43.652608,-86.220677,022,030,4102,2171,2025-09-22,1628,L9,high,D
43.652338,-86.220681,022,030,4102,2172,2025-09-22,1628,L9,low,D
43.652606,-86.220305,022,030,4103,2171,2025-09-22,1628,L9,high,D
42.421338,-86.231001,022,030,4116,6729,2025-09-22,1628,L9,low,D
42.421068,-86.231004,022,030,4116,6730,2025-09-22,1628,L9,low,D
42.371417,-86.162745,022,030,4305,6912,2025-09-22,1628,L9,low,D
42.371147,-86.162749,022,030,4305,6913,2025-09-22,1628,L9,medium,D
42.638226,-86.07648,022,030,4531,5922,2025-09-22,1628,L9,low,D
42.637956,-86.076484,022,030,4531,5923,2025-09-22,1628,L9,low,D
42.638223,-86.076114,022,030,4532,5922,2025-09-22,1628,L9,low,D
43.217922,-85.975067,022,030,4782,3773,2025-09-22,1628,L9,high,D
43.217652,-85.975072,022,030,4782,3774,2025-09-22,1628,L9,high,D
42.422397,-85.985208,022,030,4790,6718,2025-09-22,1628,L9,low,D
43.363189,-85.938192,022,030,4875,3234,2025-09-22,1628,L9,high,D
43.363456,-85.937817,022,030,4876,3233,2025-09-22,1628,L9,high,D
43.363185,-85.937822,022,030,4876,3234,2025-09-22,1628,L9,high,D
43.133678,-85.68803,022,030,5564,4074,2025-09-22,1628,L9,high,D
43.133408,-85.688036,022,030,5564,4075,2025-09-22,1628,L9,medium,D
43.077799,-85.668218,022,030,5621,4280,2025-09-22,1628,L9,high,D
42.579668,-85.671194,022,030,5642,6124,2025-09-22,1628,L9,low,D
42.579398,-85.6712,022,030,5642,6125,2025-09-22,1628,L9,high,D
42.579664,-85.670828,022,030,5643,6124,2025-09-22,1628,L9,high,D
42.579394,-85.670834,022,030,5643,6125,2025-09-22,1628,L9,high,D
42.579123,-85.67084,022,030,5643,6126,2025-09-22,1628,L9,high,D
36.6554,-100.757831,030,034,3060,6961,2025-09-22,1719,L8,high,D
37.158785,-100.764692,030,034,3074,5099,2025-09-22,1719,L8,high,D
36.783,-99.629449,030,034,6425,6531,2025-09-22,1719,L8,high,D
36.782729,-99.629447,030,034,6425,6532,2025-09-22,1719,L8,medium,D
36.783001,-99.629113,030,034,6426,6531,2025-09-22,1719,L8,low,D
46.991369,-98.005426,030,027,1658,5641,2025-09-22,1717,L8,high,D
46.991099,-98.005431,030,027,1658,5642,2025-09-22,1717,L8,high,D
46.991366,-98.005031,030,027,1659,5641,2025-09-22,1717,L8,high,D
46.991096,-98.005036,030,027,1659,5642,2025-09-22,1717,L8,high,D
46.630767,-97.600539,030,027,2708,6961,2025-09-22,1717,L8,high,D
47.932097,-97.484251,030,027,2911,2135,2025-09-22,1717,L8,high,D
47.30409,-97.302274,030,027,3415,4452,2025-09-22,1717,L8,high,D
47.304084,-97.301877,030,027,3416,4452,2025-09-22,1717,L8,high,D
48.122076,-97.183168,030,027,3644,1415,2025-09-22,1717,L8,high,D
48.12234,-97.182756,030,027,3645,1414,2025-09-22,1717,L8,medium,D
48.12207,-97.182765,030,027,3645,1415,2025-09-22,1717,L8,high,D
46.894621,-96.743774,030,027,4866,5933,2025-09-22,1717,L8,high,D
46.894351,-96.743785,030,027,4866,5934,2025-09-22,1717,L8,medium,D
47.313329,-96.520777,030,027,5383,4365,2025-09-22,1717,L8,medium,D
47.925308,-96.434224,030,027,5526,2091,2025-09-22,1717,L8,high,D
48.193905,-96.225427,030,027,6010,1078,2025-09-22,1717,L8,high,D
47.436976,-96.074499,030,027,6490,3868,2025-09-22,1717,L8,medium,D
47.436706,-96.074514,030,027,6490,3869,2025-09-22,1717,L8,high,D
47.436696,-96.074117,030,027,6491,3869,2025-09-22,1717,L8,medium,D
40.530403,-98.893088,030,032,5929,3206,2025-09-22,1718,L8,high,D
40.530133,-98.893088,030,032,5929,3207,2025-09-22,1718,L8,high,D
40.938187,-98.858221,030,032,6025,1697,2025-09-22,1718,L8,high,D
40.937917,-98.858221,030,032,6025,1698,2025-09-22,1718,L8,high,D
40.35193,-98.468029,030,032,7133,3862,2025-09-22,1718,L8,high,D
40.35166,-98.468031,030,032,7133,3863,2025-09-22,1718,L8,high,D
40.351928,-98.467676,030,032,7134,3862,2025-09-22,1718,L8,high,D
40.351658,-98.467678,030,032,7134,3863,2025-09-22,1718,L8,high,D
32.694834,-102.841336,030,037,371,5631,2025-09-22,1720,L8,high,D
32.768842,-102.808355,030,037,484,5361,2025-09-22,1720,L8,high,D
32.974889,-102.745014,030,037,709,4606,2025-09-22,1720,L8,high,D
32.974619,-102.745003,030,037,709,4607,2025-09-22,1720,L8,high,D
32.974908,-102.744373,030,037,711,4606,2025-09-22,1720,L8,high,D
32.974928,-102.743733,030,037,713,4606,2025-09-22,1720,L8,low,D
32.972815,-102.74204,030,037,718,4614,2025-09-22,1720,L8,low,D
32.972825,-102.741719,030,037,719,4614,2025-09-22,1720,L8,medium,D
32.972555,-102.741708,030,037,719,4615,2025-09-22,1720,L8,low,D
33.029246,-102.708477,030,037,830,4409,2025-09-22,1720,L8,high,D
33.028976,-102.708466,030,037,830,4410,2025-09-22,1720,L8,high,D
33.028706,-102.708454,030,037,830,4411,2025-09-22,1720,L8,low,D
33.029255,-102.708156,030,037,831,4409,2025-09-22,1720,L8,high,D
33.028985,-102.708145,030,037,831,4410,2025-09-22,1720,L8,high,D
33.028715,-102.708134,030,037,831,4411,2025-09-22,1720,L8,high,D
32.760412,-102.683517,030,037,873,5406,2025-09-22,1720,L8,high,D
32.760421,-102.683197,030,037,874,5406,2025-09-22,1720,L8,high,D
32.760151,-102.683186,030,037,874,5407,2025-09-22,1720,L8,low,D
32.395018,-102.347946,030,037,1879,6792,2025-09-22,1720,L8,high,D
32.394748,-102.347936,030,037,1879,6793,2025-09-22,1720,L8,high,D
32.34988,-102.092985,030,037,2674,6983,2025-09-22,1720,L8,high,D
32.698133,-101.916865,030,037,3262,5711,2025-09-22,1720,L8,high,D
32.697863,-101.916856,030,037,3262,5712,2025-09-22,1720,L8,low,D
32.698141,-101.916545,030,037,3263,5711,2025-09-22,1720,L8,high,D
32.697871,-101.916536,030,037,3263,5712,2025-09-22,1720,L8,high,D
32.362759,-101.892334,030,037,3305,6953,2025-09-22,1720,L8,low,D
33.864512,-101.840545,030,037,3618,1405,2025-09-22,1720,L8,low,D
33.86452,-101.840221,030,037,3619,1405,2025-09-22,1720,L8,high,D
33.864565,-101.838277,030,037,3625,1405,2025-09-22,1720,L8,high,D
33.864294,-101.838268,030,037,3625,1406,2025-09-22,1720,L8,low,D
33.864572,-101.837953,030,037,3626,1405,2025-09-22,1720,L8,high,D
33.323468,-101.738119,030,037,3881,3414,2025-09-22,1720,L8,high,D
33.323198,-101.738111,030,037,3881,3415,2025-09-22,1720,L8,high,D
32.39167,-101.647769,030,037,4075,6866,2025-09-22,1720,L8,high,D
33.419891,-101.644704,030,037,4180,3065,2025-09-22,1720,L8,high,D
33.419621,-101.644696,030,037,4180,3066,2025-09-22,1720,L8,low,D
33.419628,-101.644374,030,037,4181,3066,2025-09-22,1720,L8,high,D
32.387852,-101.610356,030,037,4192,6883,2025-09-22,1720,L8,high,D
32.37586,-101.575264,030,037,4301,6930,2025-09-22,1720,L8,high,D
32.37559,-101.575256,030,037,4301,6931,2025-09-22,1720,L8,high,D
32.375055,-101.574923,030,037,4302,6933,2025-09-22,1720,L8,high,D
32.236301,-101.423308,030,037,4766,7457,2025-09-22,1720,L8,high,D
32.36091,-101.372123,030,037,4937,7000,2025-09-22,1720,L8,high,D
32.408276,-101.283107,030,037,5220,6831,2025-09-22,1720,L8,high,D
32.408006,-101.283101,030,037,5220,6832,2025-09-22,1720,L8,high,D
32.442682,-101.250475,030,037,5325,6706,2025-09-22,1720,L8,low,D
32.443228,-101.250169,030,037,5326,6704,2025-09-22,1720,L8,low,D
32.442958,-101.250163,030,037,5326,6705,2025-09-22,1720,L8,medium,D
32.442688,-101.250156,030,037,5326,6706,2025-09-22,1720,L8,high,D
32.442147,-101.250143,030,037,5326,6708,2025-09-22,1720,L8,low,D
32.442693,-101.249837,030,037,5327,6706,2025-09-22,1720,L8,high,D
32.442423,-101.24983,030,037,5327,6707,2025-09-22,1720,L8,medium,D
32.442152,-101.249824,030,037,5327,6708,2025-09-22,1720,L8,high,D
32.441882,-101.249817,030,037,5327,6709,2025-09-22,1720,L8,low,D
32.442429,-101.249511,030,037,5328,6707,2025-09-22,1720,L8,high,D
32.442158,-101.249505,030,037,5328,6708,2025-09-22,1720,L8,high,D
32.441888,-101.249498,030,037,5328,6709,2025-09-22,1720,L8,medium,D
32.441623,-101.249172,030,037,5329,6710,2025-09-22,1720,L8,low,D
32.441353,-101.249166,030,037,5329,6711,2025-09-22,1720,L8,high,D
32.441082,-101.249159,030,037,5329,6712,2025-09-22,1720,L8,high,D
32.440812,-101.249152,030,037,5329,6713,2025-09-22,1720,L8,low,D
32.440271,-101.249139,030,037,5329,6715,2025-09-22,1720,L8,low,D
32.441629,-101.248854,030,037,5330,6710,2025-09-22,1720,L8,high,D
32.441358,-101.248847,030,037,5330,6711,2025-09-22,1720,L8,high,D
32.441088,-101.24884,030,037,5330,6712,2025-09-22,1720,L8,high,D
32.440817,-101.248833,030,037,5330,6713,2025-09-22,1720,L8,high,D
32.440547,-101.248827,030,037,5330,6714,2025-09-22,1720,L8,high,D
32.440277,-101.24882,030,037,5330,6715,2025-09-22,1720,L8,high,D
32.440006,-101.248813,030,037,5330,6716,2025-09-22,1720,L8,high,D
32.441093,-101.248521,030,037,5331,6712,2025-09-22,1720,L8,high,D
32.440823,-101.248514,030,037,5331,6713,2025-09-22,1720,L8,high,D
32.440553,-101.248508,030,037,5331,6714,2025-09-22,1720,L8,high,D
32.440282,-101.248501,030,037,5331,6715,2025-09-22,1720,L8,medium,D
32.440012,-101.248494,030,037,5331,6716,2025-09-22,1720,L8,high,D
32.44137,-101.248209,030,037,5332,6711,2025-09-22,1720,L8,high,D
32.441099,-101.248202,030,037,5332,6712,2025-09-22,1720,L8,high,D
32.440829,-101.248196,030,037,5332,6713,2025-09-22,1720,L8,high,D
32.440558,-101.248189,030,037,5332,6714,2025-09-22,1720,L8,high,D
32.440288,-101.248182,030,037,5332,6715,2025-09-22,1720,L8,high,D
32.440017,-101.248175,030,037,5332,6716,2025-09-22,1720,L8,high,D
32.439747,-101.248169,030,037,5332,6717,2025-09-22,1720,L8,high,D
32.439477,-101.248162,030,037,5332,6718,2025-09-22,1720,L8,high,D
32.441375,-101.24789,030,037,5333,6711,2025-09-22,1720,L8,low,D
32.441105,-101.247883,030,037,5333,6712,2025-09-22,1720,L8,high,D
32.440834,-101.247877,030,037,5333,6713,2025-09-22,1720,L8,medium,D
32.440564,-101.24787,030,037,5333,6714,2025-09-22,1720,L8,high,D
32.440294,-101.247863,030,037,5333,6715,2025-09-22,1720,L8,high,D
32.440023,-101.247857,030,037,5333,6716,2025-09-22,1720,L8,high,D
32.439488,-101.247524,030,037,5334,6718,2025-09-22,1720,L8,medium,D
32.439218,-101.247517,030,037,5334,6719,2025-09-22,1720,L8,low,D
32.438947,-101.247511,030,037,5334,6720,2025-09-22,1720,L8,high,D
32.438953,-101.247192,030,037,5335,6720,2025-09-22,1720,L8,high,D
32.438682,-101.247185,030,037,5335,6721,2025-09-22,1720,L8,high,D
32.439499,-101.246886,030,037,5336,6718,2025-09-22,1720,L8,high,D
32.439229,-101.24688,030,037,5336,6719,2025-09-22,1720,L8,high,D
32.439235,-101.246561,030,037,5337,6719,2025-09-22,1720,L8,high,D
32.438964,-101.246554,030,037,5337,6720,2025-09-22,1720,L8,high,D
32.438694,-101.246547,030,037,5337,6721,2025-09-22,1720,L8,high,D
32.43897,-101.246235,030,037,5338,6720,2025-09-22,1720,L8,high,D
32.438699,-101.246228,030,037,5338,6721,2025-09-22,1720,L8,high,D
32.437894,-101.245889,030,037,5339,6724,2025-09-22,1720,L8,high,D
32.437623,-101.245883,030,037,5339,6725,2025-09-22,1720,L8,high,D
32.437353,-101.245876,030,037,5339,6726,2025-09-22,1720,L8,high,D
32.437083,-101.245869,030,037,5339,6727,2025-09-22,1720,L8,high,D
32.436812,-101.245863,030,037,5339,6728,2025-09-22,1720,L8,high,D
32.436542,-101.245856,030,037,5339,6729,2025-09-22,1720,L8,high,D
32.436271,-101.245849,030,037,5339,6730,2025-09-22,1720,L8,high,D
32.436001,-101.245843,030,037,5339,6731,2025-09-22,1720,L8,high,D
32.43573,-101.245836,030,037,5339,6732,2025-09-22,1720,L8,high,D
32.43546,-101.245829,030,037,5339,6733,2025-09-22,1720,L8,high,D
32.43519,-101.245822,030,037,5339,6734,2025-09-22,1720,L8,high,D
32.434919,-101.245816,030,037,5339,6735,2025-09-22,1720,L8,high,D
32.437359,-101.245557,030,037,5340,6726,2025-09-22,1720,L8,high,D
32.437088,-101.24555,030,037,5340,6727,2025-09-22,1720,L8,high,D
32.436818,-101.245544,030,037,5340,6728,2025-09-22,1720,L8,high,D
32.436547,-101.245537,030,037,5340,6729,2025-09-22,1720,L8,high,D
32.436277,-101.24553,030,037,5340,6730,2025-09-22,1720,L8,high,D
32.436007,-101.245524,030,037,5340,6731,2025-09-22,1720,L8,high,D
32.435736,-101.245517,030,037,5340,6732,2025-09-22,1720,L8,high,D
32.435466,-101.24551,030,037,5340,6733,2025-09-22,1720,L8,high,D
32.435195,-101.245504,030,037,5340,6734,2025-09-22,1720,L8,high,D
32.405319,-101.159292,030,037,5608,6850,2025-09-22,1720,L8,high,D
32.473847,-101.138905,030,037,5677,6598,2025-09-22,1720,L8,high,D
32.722914,-100.820285,030,037,6691,5696,2025-09-22,1720,L8,high,D
32.722644,-100.82028,030,037,6691,5697,2025-09-22,1720,L8,high,D
35.537075,-101.896352,030,035,904,5745,2025-09-22,1720,L8,high,D
35.537354,-101.896032,030,035,905,5744,2025-09-22,1720,L8,high,D
35.536543,-101.896003,030,035,905,5747,2025-09-22,1720,L8,high,D
35.537361,-101.895701,030,035,906,5744,2025-09-22,1720,L8,high,D
35.536551,-101.895672,030,035,906,5747,2025-09-22,1720,L8,high,D
35.537369,-101.895371,030,035,907,5744,2025-09-22,1720,L8,high,D
35.536559,-101.895342,030,035,907,5747,2025-09-22,1720,L8,high,D
35.537107,-101.89503,030,035,908,5745,2025-09-22,1720,L8,high,D
35.536837,-101.895021,030,035,908,5746,2025-09-22,1720,L8,high,D
36.120947,-101.913333,030,035,917,3584,2025-09-22,1720,L8,high,D
36.121495,-101.91302,030,035,918,3582,2025-09-22,1720,L8,high,D
36.121225,-101.91301,030,035,918,3583,2025-09-22,1720,L8,high,D
36.114202,-101.91275,030,035,918,3609,2025-09-22,1720,L8,high,D
36.113121,-101.91271,030,035,918,3613,2025-09-22,1720,L8,high,D
36.112851,-101.9127,030,035,918,3614,2025-09-22,1720,L8,high,D
36.11394,-101.912407,030,035,919,3610,2025-09-22,1720,L8,high,D
36.11367,-101.912397,030,035,919,3611,2025-09-22,1720,L8,high,D
36.113948,-101.912074,030,035,920,3610,2025-09-22,1720,L8,high,D
36.121576,-101.90969,030,035,928,3582,2025-09-22,1720,L8,high,D
36.120936,-101.902669,030,035,949,3585,2025-09-22,1720,L8,high,D
36.120665,-101.902659,030,035,949,3586,2025-09-22,1720,L8,high,D
36.120395,-101.902649,030,035,949,3587,2025-09-22,1720,L8,high,D
36.120125,-101.902639,030,035,949,3588,2025-09-22,1720,L8,high,D
36.119855,-101.902629,030,035,949,3589,2025-09-22,1720,L8,high,D
36.120944,-101.902336,030,035,950,3585,2025-09-22,1720,L8,high,D
36.120673,-101.902326,030,035,950,3586,2025-09-22,1720,L8,high,D
36.120403,-101.902316,030,035,950,3587,2025-09-22,1720,L8,high,D
36.120133,-101.902306,030,035,950,3588,2025-09-22,1720,L8,high,D
36.120952,-101.902003,030,035,951,3585,2025-09-22,1720,L8,high,D
36.120682,-101.901993,030,035,951,3586,2025-09-22,1720,L8,high,D
36.120141,-101.901973,030,035,951,3588,2025-09-22,1720,L8,high,D
35.340794,-101.374825,030,035,2463,6513,2025-09-22,1720,L8,high,D
35.510676,-101.015333,030,035,3565,5909,2025-09-22,1720,L8,high,D
36.6554,-100.757831,030,035,4420,1691,2025-09-22,1720,L8,high,D
33.864512,-101.840545,030,036,2258,6675,2025-09-22,1720,L8,low,D
33.86452,-101.840221,030,036,2259,6675,2025-09-22,1720,L8,high,D
35.537075,-101.896352,030,036,2264,485,2025-09-22,1720,L8,high,D
35.537354,-101.896032,030,036,2265,484,2025-09-22,1720,L8,high,D
35.537083,-101.896022,030,036,2265,485,2025-09-22,1720,L8,high,D
35.536543,-101.896003,030,036,2265,487,2025-09-22,1720,L8,high,D
33.864565,-101.838277,030,036,2265,6675,2025-09-22,1720,L8,high,D
33.864294,-101.838268,030,036,2265,6676,2025-09-22,1720,L8,low,D
35.537361,-101.895701,030,036,2266,484,2025-09-22,1720,L8,high,D
35.536551,-101.895672,030,036,2266,487,2025-09-22,1720,L8,high,D
33.864572,-101.837953,030,036,2266,6675,2025-09-22,1720,L8,high,D
35.537369,-101.895371,030,036,2267,484,2025-09-22,1720,L8,high,D
35.536559,-101.895342,030,036,2267,487,2025-09-22,1720,L8,high,D
35.537107,-101.89503,030,036,2268,485,2025-09-22,1720,L8,high,D
35.536837,-101.895021,030,036,2268,486,2025-09-22,1720,L8,high,D
35.340794,-101.374825,030,036,3823,1253,2025-09-22,1720,L8,high,D
34.915854,-100.40698,030,036,6733,2880,2025-09-22,1720,L8,high,D
34.915858,-100.406651,030,036,6734,2880,2025-09-22,1720,L8,high,D
31.339466,-103.167264,030,038,469,5388,2025-09-22,1721,L8,high,D
31.294385,-103.156161,030,038,507,5554,2025-09-22,1721,L8,high,D
31.294646,-103.155526,030,038,509,5553,2025-09-22,1721,L8,high,D
31.251609,-103.136203,030,038,573,5711,2025-09-22,1721,L8,high,D
31.251339,-103.136209,030,038,573,5712,2025-09-22,1721,L8,high,D
31.552581,-103.12108,030,038,602,4598,2025-09-22,1721,L8,high,D
31.552311,-103.121085,030,038,602,4599,2025-09-22,1721,L8,high,D
31.268201,-102.997885,030,038,1011,5642,2025-09-22,1721,L8,high,D
31.507671,-102.895833,030,038,1318,4751,2025-09-22,1721,L8,high,D
32.695086,-102.841221,030,038,1403,359,2025-09-22,1721,L8,high,D
32.694816,-102.841228,030,038,1403,360,2025-09-22,1721,L8,high,D
32.768915,-102.808379,030,038,1500,84,2025-09-22,1721,L8,high,D
31.476405,-102.698576,030,038,1945,4854,2025-09-22,1721,L8,high,D
31.462757,-102.691965,030,038,1967,4904,2025-09-22,1721,L8,high,D
32.15793,-102.667608,030,038,1989,2333,2025-09-22,1721,L8,high,D
31.503666,-102.679907,030,038,2002,4752,2025-09-22,1721,L8,high,D
31.50366,-102.679591,030,038,2003,4752,2025-09-22,1721,L8,high,D
31.509553,-102.676287,030,038,2013,4730,2025-09-22,1721,L8,high,D
31.521315,-102.668416,030,038,2037,4686,2025-09-22,1721,L8,high,D
31.530727,-102.650492,030,038,2093,4650,2025-09-22,1721,L8,high,D
31.518741,-102.646054,030,038,2108,4694,2025-09-22,1721,L8,high,D
31.742001,-102.633773,030,038,2129,3868,2025-09-22,1721,L8,low,D
31.510482,-102.638366,030,038,2133,4724,2025-09-22,1721,L8,high,D
31.689136,-102.613599,030,038,2197,4062,2025-09-22,1721,L8,high,D
31.68913,-102.613283,030,038,2198,4062,2025-09-22,1721,L8,high,D
32.338856,-102.591912,030,038,2212,1659,2025-09-22,1721,L8,high,D
32.338585,-102.59192,030,038,2212,1660,2025-09-22,1721,L8,high,D
32.33885,-102.591594,030,038,2213,1659,2025-09-22,1721,L8,high,D
31.522728,-102.598575,030,038,2258,4676,2025-09-22,1721,L8,high,D
32.174802,-102.502724,030,038,2506,2259,2025-09-22,1721,L8,high,D
31.603612,-102.499134,030,038,2566,4370,2025-09-22,1721,L8,high,D
32.370811,-102.469294,030,038,2594,1532,2025-09-22,1721,L8,high,D
32.370541,-102.469301,030,038,2594,1533,2025-09-22,1721,L8,high,D
32.370534,-102.468983,030,038,2595,1533,2025-09-22,1721,L8,high,D
32.440412,-102.3675,030,038,2907,1267,2025-09-22,1721,L8,high,D
32.394829,-102.3481,030,038,2972,1434,2025-09-22,1721,L8,high,D
32.395093,-102.347774,030,038,2973,1433,2025-09-22,1721,L8,high,D
32.014871,-102.34101,030,038,3029,2838,2025-09-22,1721,L8,high,D
32.015135,-102.340685,030,038,3030,2837,2025-09-22,1721,L8,high,D
32.014865,-102.340693,030,038,3030,2838,2025-09-22,1721,L8,high,D
31.642708,-102.193552,030,038,3529,4202,2025-09-22,1721,L8,high,D
32.300528,-102.166442,030,038,3551,1768,2025-09-22,1721,L8,high,D
31.95598,-102.169783,030,038,3574,3042,2025-09-22,1721,L8,high,D
31.955973,-102.169466,030,038,3575,3042,2025-09-22,1721,L8,low,D
31.717639,-102.1568,030,038,3638,3922,2025-09-22,1721,L8,high,D
32.349984,-102.093203,030,038,3776,1579,2025-09-22,1721,L8,high,D
31.588866,-102.084558,030,038,3879,4392,2025-09-22,1721,L8,high,D
31.589129,-102.084234,030,038,3880,4391,2025-09-22,1721,L8,high,D
31.589122,-102.083918,030,038,3881,4391,2025-09-22,1721,L8,high,D
31.588851,-102.083927,030,038,3881,4392,2025-09-22,1721,L8,high,D
31.58804,-102.083952,030,038,3881,4395,2025-09-22,1721,L8,high,D
31.588844,-102.083611,030,038,3882,4392,2025-09-22,1721,L8,high,D
31.588574,-102.083619,030,038,3882,4393,2025-09-22,1721,L8,high,D
32.254518,-102.012854,030,038,4038,1925,2025-09-22,1721,L8,high,D
31.516894,-102.025221,030,038,4074,4653,2025-09-22,1721,L8,high,D
31.516887,-102.024906,030,038,4075,4653,2025-09-22,1721,L8,high,D
31.516617,-102.024914,030,038,4075,4654,2025-09-22,1721,L8,high,D
32.145974,-101.975389,030,038,4167,2323,2025-09-22,1721,L8,high,D
32.145967,-101.975072,030,038,4168,2323,2025-09-22,1721,L8,high,D
32.087779,-101.962377,030,038,4214,2537,2025-09-22,1721,L8,high,D
32.08369,-101.949804,030,038,4254,2551,2025-09-22,1721,L8,high,D
32.08342,-101.949813,030,038,4254,2552,2025-09-22,1721,L8,high,D
32.083149,-101.949822,030,038,4254,2553,2025-09-22,1721,L8,high,D
32.083134,-101.949187,030,038,4256,2553,2025-09-22,1721,L8,high,D
31.884224,-101.922482,030,038,4361,3286,2025-09-22,1721,L8,high,D
32.362772,-101.892342,030,038,4405,1514,2025-09-22,1721,L8,low,D
31.896561,-101.87388,030,038,4513,3236,2025-09-22,1721,L8,low,D
32.53924,-101.800384,030,038,4674,853,2025-09-22,1721,L8,high,D
31.850984,-101.803171,030,038,4741,3398,2025-09-22,1721,L8,high,D
31.850713,-101.80318,030,038,4741,3399,2025-09-22,1721,L8,high,D
31.850443,-101.803189,030,038,4741,3400,2025-09-22,1721,L8,high,D
31.850173,-101.803199,030,038,4741,3401,2025-09-22,1721,L8,high,D
31.849903,-101.803208,030,038,4741,3402,2025-09-22,1721,L8,high,D
31.850435,-101.802873,030,038,4742,3400,2025-09-22,1721,L8,high,D
31.850165,-101.802882,030,038,4742,3401,2025-09-22,1721,L8,high,D
31.849895,-101.802892,030,038,4742,3402,2025-09-22,1721,L8,high,D
31.849625,-101.802901,030,038,4742,3403,2025-09-22,1721,L8,high,D
31.851508,-101.802519,030,038,4743,3396,2025-09-22,1721,L8,high,D
31.851238,-101.802528,030,038,4743,3397,2025-09-22,1721,L8,high,D
31.849617,-101.802584,030,038,4743,3403,2025-09-22,1721,L8,high,D
31.849346,-101.802594,030,038,4743,3404,2025-09-22,1721,L8,high,D
31.849609,-101.802268,030,038,4744,3403,2025-09-22,1721,L8,high,D
31.849338,-101.802277,030,038,4744,3404,2025-09-22,1721,L8,high,D
31.851492,-101.801886,030,038,4745,3396,2025-09-22,1721,L8,high,D
31.849601,-101.801951,030,038,4745,3403,2025-09-22,1721,L8,high,D
31.84933,-101.80196,030,038,4745,3404,2025-09-22,1721,L8,high,D
31.851484,-101.801569,030,038,4746,3396,2025-09-22,1721,L8,high,D
31.851214,-101.801578,030,038,4746,3397,2025-09-22,1721,L8,high,D
31.849593,-101.801634,030,038,4746,3403,2025-09-22,1721,L8,high,D
31.849322,-101.801644,030,038,4746,3404,2025-09-22,1721,L8,high,D
31.851206,-101.801262,030,038,4747,3397,2025-09-22,1721,L8,high,D
31.850936,-101.801271,030,038,4747,3398,2025-09-22,1721,L8,high,D
31.850666,-101.801281,030,038,4747,3399,2025-09-22,1721,L8,high,D
31.850395,-101.80129,030,038,4747,3400,2025-09-22,1721,L8,high,D
31.849855,-101.801309,030,038,4747,3402,2025-09-22,1721,L8,high,D
31.849585,-101.801318,030,038,4747,3403,2025-09-22,1721,L8,high,D
31.850928,-101.800955,030,038,4748,3398,2025-09-22,1721,L8,high,D
31.850658,-101.800964,030,038,4748,3399,2025-09-22,1721,L8,high,D
31.850387,-101.800973,030,038,4748,3400,2025-09-22,1721,L8,high,D
31.849847,-101.800992,030,038,4748,3402,2025-09-22,1721,L8,high,D
31.85065,-101.800647,030,038,4749,3399,2025-09-22,1721,L8,high,D
31.850379,-101.800657,030,038,4749,3400,2025-09-22,1721,L8,high,D
31.850109,-101.800666,030,038,4749,3401,2025-09-22,1721,L8,high,D
31.845843,-101.771029,030,038,4843,3414,2025-09-22,1721,L8,high,D
31.364352,-101.780054,030,038,4867,5195,2025-09-22,1721,L8,high,D
31.364345,-101.779739,030,038,4868,5195,2025-09-22,1721,L8,high,D
31.881223,-101.758383,030,038,4879,3282,2025-09-22,1721,L8,high,D
31.880953,-101.758392,030,038,4879,3283,2025-09-22,1721,L8,high,D
31.364496,-101.775006,030,038,4883,5194,2025-09-22,1721,L8,high,D
31.844956,-101.757435,030,038,4886,3416,2025-09-22,1721,L8,high,D
31.844686,-101.757444,030,038,4886,3417,2025-09-22,1721,L8,high,D
31.782356,-101.752658,030,038,4908,3647,2025-09-22,1721,L8,high,D
31.769653,-101.73189,030,038,4975,3692,2025-09-22,1721,L8,high,D
31.941584,-101.697268,030,038,5065,3053,2025-09-22,1721,L8,high,D
31.889966,-101.698797,030,038,5066,3244,2025-09-22,1721,L8,high,D
31.890768,-101.698451,030,038,5067,3241,2025-09-22,1721,L8,high,D
31.890498,-101.698461,030,038,5067,3242,2025-09-22,1721,L8,high,D
31.889687,-101.69849,030,038,5067,3245,2025-09-22,1721,L8,high,D
31.89103,-101.698125,030,038,5068,3240,2025-09-22,1721,L8,high,D
31.889679,-101.698173,030,038,5068,3245,2025-09-22,1721,L8,high,D
31.890752,-101.697818,030,038,5069,3241,2025-09-22,1721,L8,high,D
31.889671,-101.697856,030,038,5069,3245,2025-09-22,1721,L8,high,D
31.890473,-101.697511,030,038,5070,3242,2025-09-22,1721,L8,high,D
31.890203,-101.69752,030,038,5070,3243,2025-09-22,1721,L8,high,D
31.889933,-101.69753,030,038,5070,3244,2025-09-22,1721,L8,high,D
32.39166,-101.647822,030,038,5169,1384,2025-09-22,1721,L8,high,D
31.286381,-101.660822,030,038,5254,5472,2025-09-22,1721,L8,high,D
31.290319,-101.656274,030,038,5268,5457,2025-09-22,1721,L8,high,D
32.387952,-101.61035,030,038,5287,1394,2025-09-22,1721,L8,high,D
31.251092,-101.624917,030,038,5372,5599,2025-09-22,1721,L8,high,D
32.37565,-101.575437,030,038,5398,1436,2025-09-22,1721,L8,high,D
32.375911,-101.575108,030,038,5399,1435,2025-09-22,1721,L8,high,D
32.375101,-101.575139,030,038,5399,1438,2025-09-22,1721,L8,high,D
32.375092,-101.57482,030,038,5400,1438,2025-09-22,1721,L8,high,D
32.375894,-101.574471,030,038,5401,1435,2025-09-22,1721,L8,high,D
31.257907,-101.606413,030,038,5430,5572,2025-09-22,1721,L8,high,D
32.133414,-101.508887,030,038,5636,2325,2025-09-22,1721,L8,high,D
32.361032,-101.37208,030,038,6038,1469,2025-09-22,1721,L8,high,D
32.408192,-101.283173,030,038,6311,1285,2025-09-22,1721,L8,high,D
32.407922,-101.283184,030,038,6311,1286,2025-09-22,1721,L8,high,D
32.442914,-101.250498,030,038,6409,1153,2025-09-22,1721,L8,low,D
32.443175,-101.250168,030,038,6410,1152,2025-09-22,1721,L8,low,D
32.442905,-101.25018,030,038,6410,1153,2025-09-22,1721,L8,high,D
32.442635,-101.250191,030,038,6410,1154,2025-09-22,1721,L8,medium,D
32.442365,-101.250202,030,038,6410,1155,2025-09-22,1721,L8,low,D
32.442895,-101.249861,030,038,6411,1153,2025-09-22,1721,L8,low,D
32.442625,-101.249872,030,038,6411,1154,2025-09-22,1721,L8,high,D
32.442355,-101.249883,030,038,6411,1155,2025-09-22,1721,L8,medium,D
32.442085,-101.249895,030,038,6411,1156,2025-09-22,1721,L8,medium,D
32.442346,-101.249565,030,038,6412,1155,2025-09-22,1721,L8,high,D
32.442075,-101.249576,030,038,6412,1156,2025-09-22,1721,L8,high,D
32.441805,-101.249587,030,038,6412,1157,2025-09-22,1721,L8,medium,D
32.441526,-101.24928,030,038,6413,1158,2025-09-22,1721,L8,medium,D
32.441256,-101.249291,030,038,6413,1159,2025-09-22,1721,L8,high,D
32.441516,-101.248962,030,038,6414,1158,2025-09-22,1721,L8,high,D
32.441246,-101.248973,030,038,6414,1159,2025-09-22,1721,L8,high,D
32.440976,-101.248984,030,038,6414,1160,2025-09-22,1721,L8,high,D
32.440706,-101.248995,030,038,6414,1161,2025-09-22,1721,L8,medium,D
32.440436,-101.249006,030,038,6414,1162,2025-09-22,1721,L8,high,D
32.440166,-101.249018,030,038,6414,1163,2025-09-22,1721,L8,high,D
32.441237,-101.248654,030,038,6415,1159,2025-09-22,1721,L8,medium,D
32.440967,-101.248666,030,038,6415,1160,2025-09-22,1721,L8,high,D
32.440697,-101.248677,030,038,6415,1161,2025-09-22,1721,L8,high,D
32.440427,-101.248688,030,038,6415,1162,2025-09-22,1721,L8,high,D
32.440157,-101.248699,030,038,6415,1163,2025-09-22,1721,L8,high,D
32.441227,-101.248336,030,038,6416,1159,2025-09-22,1721,L8,high,D
32.440957,-101.248347,030,038,6416,1160,2025-09-22,1721,L8,high,D
32.440687,-101.248358,030,038,6416,1161,2025-09-22,1721,L8,high,D
32.440417,-101.24837,030,038,6416,1162,2025-09-22,1721,L8,medium,D
32.440147,-101.248381,030,038,6416,1163,2025-09-22,1721,L8,medium,D
32.439877,-101.248392,030,038,6416,1164,2025-09-22,1721,L8,high,D
32.441218,-101.248018,030,038,6417,1159,2025-09-22,1721,L8,high,D
32.440948,-101.248029,030,038,6417,1160,2025-09-22,1721,L8,high,D
32.440678,-101.24804,030,038,6417,1161,2025-09-22,1721,L8,high,D
32.440408,-101.248051,030,038,6417,1162,2025-09-22,1721,L8,high,D
32.440138,-101.248062,030,038,6417,1163,2025-09-22,1721,L8,high,D
32.439597,-101.248085,030,038,6417,1165,2025-09-22,1721,L8,high,D
32.439327,-101.248096,030,038,6417,1166,2025-09-22,1721,L8,low,D
32.440398,-101.247733,030,038,6418,1162,2025-09-22,1721,L8,high,D
32.440128,-101.247744,030,038,6418,1163,2025-09-22,1721,L8,high,D
32.439038,-101.24747,030,038,6419,1167,2025-09-22,1721,L8,high,D
32.438768,-101.247481,030,038,6419,1168,2025-09-22,1721,L8,high,D
32.439299,-101.247141,030,038,6420,1166,2025-09-22,1721,L8,high,D
32.439029,-101.247152,030,038,6420,1167,2025-09-22,1721,L8,low,D
32.438759,-101.247163,030,038,6420,1168,2025-09-22,1721,L8,high,D
32.438489,-101.247174,030,038,6420,1169,2025-09-22,1721,L8,low,D
32.439289,-101.246822,030,038,6421,1166,2025-09-22,1721,L8,high,D
32.43928,-101.246504,030,038,6422,1166,2025-09-22,1721,L8,high,D
32.43901,-101.246515,030,038,6422,1167,2025-09-22,1721,L8,high,D
32.43874,-101.246526,030,038,6422,1168,2025-09-22,1721,L8,high,D
32.439,-101.246196,030,038,6423,1167,2025-09-22,1721,L8,high,D
32.43873,-101.246208,030,038,6423,1168,2025-09-22,1721,L8,high,D
32.437911,-101.245923,030,038,6424,1171,2025-09-22,1721,L8,high,D
32.437641,-101.245934,030,038,6424,1172,2025-09-22,1721,L8,high,D
32.437371,-101.245945,030,038,6424,1173,2025-09-22,1721,L8,high,D
32.4371,-101.245956,030,038,6424,1174,2025-09-22,1721,L8,high,D
32.43656,-101.245979,030,038,6424,1176,2025-09-22,1721,L8,high,D
32.43629,-101.24599,030,038,6424,1177,2025-09-22,1721,L8,low,D
32.43521,-101.246035,030,038,6424,1181,2025-09-22,1721,L8,high,D
32.437901,-101.245604,030,038,6425,1171,2025-09-22,1721,L8,high,D
32.437361,-101.245627,030,038,6425,1173,2025-09-22,1721,L8,high,D
32.437091,-101.245638,030,038,6425,1174,2025-09-22,1721,L8,high,D
32.436821,-101.245649,030,038,6425,1175,2025-09-22,1721,L8,high,D
32.436551,-101.24566,030,038,6425,1176,2025-09-22,1721,L8,high,D
32.436281,-101.245672,030,038,6425,1177,2025-09-22,1721,L8,high,D
32.436011,-101.245683,030,038,6425,1178,2025-09-22,1721,L8,high,D
32.435741,-101.245694,030,038,6425,1179,2025-09-22,1721,L8,high,D
32.435471,-101.245705,030,038,6425,1180,2025-09-22,1721,L8,high,D
32.435201,-101.245716,030,038,6425,1181,2025-09-22,1721,L8,high,D
32.434931,-101.245728,030,038,6425,1182,2025-09-22,1721,L8,high,D
32.435731,-101.245376,030,038,6426,1179,2025-09-22,1721,L8,low,D
32.435461,-101.245387,030,038,6426,1180,2025-09-22,1721,L8,high,D
32.435191,-101.245398,030,038,6426,1181,2025-09-22,1721,L8,high,D
32.405554,-101.159297,030,038,6700,1281,2025-09-22,1721,L8,high,D
32.405284,-101.159309,030,038,6700,1282,2025-09-22,1721,L8,high,D
45.653764,-98.434439,030,028,1876,5326,2025-09-22,1717,L8,high,D
45.282845,-98.078182,030,028,2817,6691,2025-09-22,1717,L8,high,D
45.283112,-98.077795,030,028,2818,6690,2025-09-22,1717,L8,high,D
45.282842,-98.077799,030,028,2818,6691,2025-09-22,1717,L8,high,D
46.991369,-98.005426,030,028,2928,361,2025-09-22,1717,L8,high,D
46.991099,-98.005431,030,028,2928,362,2025-09-22,1717,L8,high,D
46.991366,-98.005031,030,028,2929,361,2025-09-22,1717,L8,high,D
46.991096,-98.005036,030,028,2929,362,2025-09-22,1717,L8,high,D
46.133448,-97.897868,030,028,3245,3535,2025-09-22,1717,L8,low,D
46.630767,-97.600539,030,028,3978,1681,2025-09-22,1717,L8,medium,D
46.079442,-97.179601,030,028,5099,3701,2025-09-22,1717,L8,high,D
46.079172,-97.17961,030,028,5099,3702,2025-09-22,1717,L8,high,D
46.079436,-97.179213,030,028,5100,3701,2025-09-22,1717,L8,high,D
46.079166,-97.179222,030,028,5100,3702,2025-09-22,1717,L8,low,D
28.040462,-103.779784,030,041,1975,1621,2025-09-22,1722,L8,high,D
25.73351,-103.873103,030,042,2875,4812,2025-09-22,1722,L8,high,D
25.733508,-103.872804,030,042,2876,4812,2025-09-22,1722,L8,low,D
25.591419,-103.548564,030,042,3966,5326,2025-09-22,1722,L8,low,D
25.599264,-103.547573,030,042,3969,5297,2025-09-22,1722,L8,high,D
25.551278,-103.437977,030,042,4338,5470,2025-09-22,1722,L8,high,D
25.784004,-103.419385,030,042,4390,4610,2025-09-22,1722,L8,high,D
25.783733,-103.419389,030,042,4390,4611,2025-09-22,1722,L8,high,D
25.783729,-103.419089,030,042,4391,4611,2025-09-22,1722,L8,high,D
25.78279,-103.407435,030,042,4430,4614,2025-09-22,1722,L8,high,D
25.593692,-103.40278,030,042,4454,5312,2025-09-22,1722,L8,high,D
25.593417,-103.402485,030,042,4455,5313,2025-09-22,1722,L8,high,D
25.365855,-103.34885,030,042,4645,6151,2025-09-22,1722,L8,high,D
25.52837,-103.325736,030,042,4715,5550,2025-09-22,1722,L8,high,D
25.791998,-103.288245,030,042,4828,4575,2025-09-22,1722,L8,high,D
25.791995,-103.287946,030,042,4829,4575,2025-09-22,1722,L8,high,D
25.909481,-103.260799,030,042,4914,4140,2025-09-22,1722,L8,low,D
25.455953,-103.247386,030,042,4981,5814,2025-09-22,1722,L8,high,D
25.573544,-103.228955,030,042,5037,5379,2025-09-22,1722,L8,high,D
25.57354,-103.228656,030,042,5038,5379,2025-09-22,1722,L8,high,D
25.573259,-103.227765,030,042,5041,5380,2025-09-22,1722,L8,high,D
31.294385,-103.156161,030,039,1607,224,2025-09-22,1721,L8,high,D
31.294646,-103.155526,030,039,1609,223,2025-09-22,1721,L8,high,D
31.251609,-103.136203,030,039,1673,381,2025-09-22,1721,L8,high,D
31.251339,-103.136209,030,039,1673,382,2025-09-22,1721,L8,high,D
31.268201,-102.997885,030,039,2111,312,2025-09-22,1721,L8,high,D
30.881092,-102.759057,030,039,2898,1728,2025-09-22,1721,L8,high,D
30.799461,-102.012782,030,039,5285,1974,2025-09-22,1721,L8,high,D
41.23456,-99.198741,030,031,3742,5870,2025-09-22,1718,L8,low,D
41.23456,-99.198383,030,031,3743,5870,2025-09-22,1718,L8,high,D
41.2238,-99.167569,030,031,3829,5910,2025-09-22,1718,L8,high,D
41.22353,-99.167568,030,031,3829,5911,2025-09-22,1718,L8,high,D
41.22353,-99.16721,030,031,3830,5911,2025-09-22,1718,L8,low,D
40.938187,-98.858221,030,031,4695,6967,2025-09-22,1718,L8,high,D
40.937917,-98.858221,030,031,4695,6968,2025-09-22,1718,L8,high,D
44.910347,-99.089374,030,029,1452,2804,2025-09-22,1717,L8,high,D
44.910076,-99.089373,030,029,1452,2805,2025-09-22,1717,L8,high,D
45.128361,-98.453771,030,029,3119,1992,2025-09-22,1717,L8,low,D
45.12836,-98.453389,030,029,3120,1992,2025-09-22,1717,L8,high,D
45.282845,-98.078182,030,029,4097,1411,2025-09-22,1717,L8,high,D
45.283112,-98.077795,030,029,4098,1410,2025-09-22,1717,L8,high,D
45.282842,-98.077799,030,029,4098,1411,2025-09-22,1717,L8,medium,D
43.70111,-97.997402,030,029,4380,7265,2025-09-22,1717,L8,high,D
43.701107,-97.99703,030,029,4381,7265,2025-09-22,1717,L8,high,D
44.366297,-97.437552,030,029,5837,4779,2025-09-22,1717,L8,high,D
44.802327,-97.20733,030,029,6413,3152,2025-09-22,1717,L8,low,D
44.922455,-97.136695,030,029,6589,2703,2025-09-22,1717,L8,high,D
44.922449,-97.136315,030,029,6590,2703,2025-09-22,1717,L8,high,D
44.922179,-97.136324,030,029,6590,2704,2025-09-22,1717,L8,low,D
44.921568,-96.973653,030,029,7018,2696,2025-09-22,1717,L8,low,D
48.772746,-97.602835,030,026,1309,4306,2025-09-22,1716,L8,medium,D
48.773011,-97.602419,030,026,1310,4305,2025-09-22,1716,L8,high,D
48.772741,-97.602426,030,026,1310,4306,2025-09-22,1716,L8,high,D
48.772472,-97.602434,030,026,1310,4307,2025-09-22,1716,L8,high,D
49.761258,-97.192223,030,026,2227,622,2025-09-22,1716,L8,high,D
48.122076,-97.183168,030,026,2394,6695,2025-09-22,1716,L8,high,D
48.12234,-97.182756,030,026,2395,6694,2025-09-22,1716,L8,high,D
48.12207,-97.182765,030,026,2395,6695,2025-09-22,1716,L8,high,D
49.772006,-96.961819,030,026,2779,568,2025-09-22,1716,L8,low,D
49.041024,-96.952867,030,026,2874,3276,2025-09-22,1716,L8,high,D
49.040755,-96.952878,030,026,2874,3277,2025-09-22,1716,L8,low,D
49.041017,-96.952457,030,026,2875,3276,2025-09-22,1716,L8,low,D
48.193905,-96.225427,030,026,4760,6358,2025-09-22,1716,L8,high,D
48.655586,-95.992785,030,026,5269,4626,2025-09-22,1716,L8,low,D
49.761258,-97.192223,030,025,987,5912,2025-09-22,1716,L8,high,D
49.772006,-96.961819,030,025,1539,5858,2025-09-22,1716,L8,low,D
43.20392,-99.418091,030,030,1855,3849,2025-09-22,1718,L8,high,D
43.20365,-99.418089,030,030,1855,3850,2025-09-22,1718,L8,high,D
43.204191,-99.417723,030,030,1856,3848,2025-09-22,1718,L8,high,D
43.203921,-99.417722,030,030,1856,3849,2025-09-22,1718,L8,high,D
43.203651,-99.41772,030,030,1856,3850,2025-09-22,1718,L8,high,D
43.204193,-99.417354,030,030,1857,3848,2025-09-22,1718,L8,high,D
43.203923,-99.417352,030,030,1857,3849,2025-09-22,1718,L8,high,D
43.203652,-99.41735,030,030,1857,3850,2025-09-22,1718,L8,high,D
43.083041,-98.242309,030,030,5043,4290,2025-09-22,1718,L8,high,D
43.083039,-98.241941,030,030,5044,4290,2025-09-22,1718,L8,low,D
43.70111,-97.997402,030,030,5680,1995,2025-09-22,1718,L8,high,D
43.70084,-97.997407,030,030,5680,1996,2025-09-22,1718,L8,low,D
43.701107,-97.99703,030,030,5681,1995,2025-09-22,1718,L8,medium,D
42.998456,-97.69864,030,030,6523,4585,2025-09-22,1718,L8,high,D
38.403115,-100.02977,030,033,3960,5799,2025-09-22,1719,L8,low,D
38.402845,-100.029766,030,033,3960,5800,2025-09-22,1719,L8,high,D
43.793626,-111.815583,038,030,1800,1668,2025-09-22,1807,L9,medium,D
43.793629,-111.815211,038,030,1801,1668,2025-09-22,1807,L9,high,D
43.793359,-111.815207,038,030,1801,1669,2025-09-22,1807,L9,high,D
43.793632,-111.814838,038,030,1802,1668,2025-09-22,1807,L9,medium,D
43.793362,-111.814834,038,030,1802,1669,2025-09-22,1807,L9,medium,D
41.208026,-112.429249,038,031,1323,5946,2025-09-22,1808,L9,high,D
41.332049,-112.05445,038,031,2376,5502,2025-09-22,1808,L9,low,D
41.331779,-112.054446,038,031,2376,5503,2025-09-22,1808,L9,low,D
41.396326,-111.029487,038,031,5235,5282,2025-09-22,1808,L9,low,D
41.396056,-111.029487,038,031,5235,5283,2025-09-22,1808,L9,high,D
35.517474,-113.314528,038,035,3751,5894,2025-09-22,1809,L9,medium,D
35.51748,-113.314198,038,035,3752,5894,2025-09-22,1809,L9,high,D
35.51721,-113.31419,038,035,3752,5895,2025-09-22,1809,L9,low,D
32.440839,-114.663218,038,037,2040,6587,2025-09-22,1810,L9,high,D
32.74849,-113.861405,038,037,4520,5385,2025-09-22,1810,L9,low,D
32.744969,-113.861208,038,037,4521,5398,2025-09-22,1810,L9,low,D
32.230669,-114.929309,038,038,2321,2051,2025-09-22,1810,L9,high,D
32.440839,-114.663218,038,038,3140,1257,2025-09-22,1810,L9,high,D
41.208026,-112.429249,038,032,2663,686,2025-09-22,1808,L9,high,D
40.061654,-111.729275,038,032,4584,4952,2025-09-22,1808,L9,low,D
42.422584,-123.240375,046,031,5658,1503,2025-09-22,1857,L8,high,D
42.426774,-123.162712,046,031,5871,1488,2025-09-22,1857,L8,high,D
42.38371,-122.775202,046,031,6934,1647,2025-09-22,1857,L8,high,D
42.38344,-122.775203,046,031,6934,1648,2025-09-22,1857,L8,medium,D
42.383709,-122.774837,046,031,6935,1647,2025-09-22,1857,L8,high,D
42.383439,-122.774838,046,031,6935,1648,2025-09-22,1857,L8,medium,D
45.481216,-123.792359,046,028,223,5960,2025-09-22,1856,L8,high,D
45.259019,-122.976357,046,028,2349,6793,2025-09-22,1856,L8,high,D
45.259018,-122.975975,046,028,2350,6793,2025-09-22,1856,L8,medium,D
46.246814,-122.777071,046,028,2860,3134,2025-09-22,1856,L8,low,D
45.258213,-122.649441,046,028,3204,6794,2025-09-22,1856,L8,high,D
45.257943,-122.649443,046,028,3204,6795,2025-09-22,1856,L8,high,D
40.474907,-124.104272,046,032,4567,3442,2025-09-22,1857,L8,high,D
40.477554,-123.959207,046,032,4977,3437,2025-09-22,1857,L8,low,D
40.477283,-123.959203,046,032,4977,3438,2025-09-22,1857,L8,high,D
40.477286,-123.958849,046,032,4978,3438,2025-09-22,1857,L8,high,D
40.250813,-123.321059,046,032,6777,4289,2025-09-22,1857,L8,medium,D
40.250542,-123.321058,046,032,6777,4290,2025-09-22,1857,L8,high,D
40.250272,-123.321057,046,032,6777,4291,2025-09-22,1857,L8,high,D
42.685801,-123.953276,046,030,2354,5775,2025-09-22,1857,L8,high,D
42.685531,-123.953272,046,030,2354,5776,2025-09-22,1857,L8,low,D
42.685804,-123.95291,046,030,2355,5775,2025-09-22,1857,L8,high,D
42.684727,-123.952527,046,030,2356,5779,2025-09-22,1857,L8,low,D
42.68473,-123.952161,046,030,2357,5779,2025-09-22,1857,L8,high,D
42.68446,-123.952157,046,030,2357,5780,2025-09-22,1857,L8,high,D
42.685546,-123.951441,046,030,2359,5776,2025-09-22,1857,L8,high,D
42.685276,-123.951437,046,030,2359,5777,2025-09-22,1857,L8,high,D
42.685549,-123.951075,046,030,2360,5776,2025-09-22,1857,L8,high,D
42.685279,-123.951071,046,030,2360,5777,2025-09-22,1857,L8,high,D
43.214195,-123.332842,046,030,4056,3832,2025-09-22,1857,L8,high,D
43.214466,-123.332474,046,030,4057,3831,2025-09-22,1857,L8,high,D
42.422584,-123.240375,046,030,4298,6763,2025-09-22,1857,L8,high,D
42.426774,-123.162712,046,030,4511,6748,2025-09-22,1857,L8,high,D
42.38371,-122.775202,046,030,5574,6907,2025-09-22,1857,L8,high,D
42.38344,-122.775203,046,030,5574,6908,2025-09-22,1857,L8,medium,D
42.383709,-122.774837,046,030,5575,6907,2025-09-22,1857,L8,high,D
42.383439,-122.774838,046,030,5575,6908,2025-09-22,1857,L8,medium,D
44.003068,-124.121552,046,029,620,6153,2025-09-22,1856,L8,high,D
45.126023,-123.804592,046,029,1508,2005,2025-09-22,1856,L8,low,D
45.481216,-123.792359,046,029,1553,690,2025-09-22,1856,L8,high,D
45.026078,-123.313089,046,029,2795,2384,2025-09-22,1856,L8,low,D
45.164768,-123.251244,046,029,2959,1871,2025-09-22,1856,L8,high,D
45.164498,-123.251242,046,029,2959,1872,2025-09-22,1856,L8,high,D
44.697348,-123.224602,046,029,3024,3602,2025-09-22,1856,L8,high,D
44.697619,-123.224224,046,029,3025,3601,2025-09-22,1856,L8,low,D
44.697349,-123.224223,046,029,3025,3602,2025-09-22,1856,L8,low,D
44.284249,-123.146697,046,029,3227,5132,2025-09-22,1856,L8,high,D
44.283979,-123.146696,046,029,3227,5133,2025-09-22,1856,L8,high,D
45.055943,-122.997777,046,029,3623,2275,2025-09-22,1856,L8,low,D
45.056213,-122.997396,046,029,3624,2274,2025-09-22,1856,L8,high,D
45.055943,-122.997396,046,029,3624,2275,2025-09-22,1856,L8,high,D
45.259019,-122.976357,046,029,3679,1523,2025-09-22,1856,L8,high,D
45.259018,-122.975975,046,029,3680,1523,2025-09-22,1856,L8,medium,D
44.988057,-122.84746,046,029,4018,2526,2025-09-22,1856,L8,high,D
44.987787,-122.84746,046,029,4018,2527,2025-09-22,1856,L8,low,D
44.988056,-122.847079,046,029,4019,2526,2025-09-22,1856,L8,low,D
44.801928,-122.810018,046,029,4118,3215,2025-09-22,1856,L8,high,D
45.258213,-122.649441,046,029,4534,1524,2025-09-22,1856,L8,high,D
45.257943,-122.649443,046,029,4534,1525,2025-09-22,1856,L8,high,D
45.143713,-122.649762,046,029,4535,1948,2025-09-22,1856,L8,medium,D
47.254889,-122.398584,046,027,2484,4665,2025-09-22,1855,L8,medium,D
47.265414,-122.398069,046,027,2485,4626,2025-09-22,1855,L8,medium,D
47.254887,-122.398188,046,027,2485,4665,2025-09-22,1855,L8,medium,D
47.57084,-122.369847,046,027,2547,3494,2025-09-22,1855,L8,high,D
47.571107,-122.369445,046,027,2548,3493,2025-09-22,1855,L8,high,D
47.570837,-122.369448,046,027,2548,3494,2025-09-22,1855,L8,high,D
47.570568,-122.369452,046,027,2548,3495,2025-09-22,1855,L8,high,D
47.571105,-122.369046,046,027,2549,3493,2025-09-22,1855,L8,high,D
47.570835,-122.36905,046,027,2549,3494,2025-09-22,1855,L8,high,D
47.570565,-122.369053,046,027,2549,3495,2025-09-22,1855,L8,medium,D
47.571103,-122.368648,046,027,2550,3493,2025-09-22,1855,L8,high,D
47.568256,-122.342357,046,027,2616,3503,2025-09-22,1855,L8,medium,D
47.567986,-122.342361,046,027,2616,3504,2025-09-22,1855,L8,medium,D
46.97567,-122.290099,046,027,2767,5697,2025-09-22,1855,L8,high,D
46.975668,-122.289705,046,027,2768,5697,2025-09-22,1855,L8,low,D
47.259501,-122.184009,046,027,3025,4643,2025-09-22,1855,L8,high,D
47.259231,-122.184013,046,027,3025,4644,2025-09-22,1855,L8,high,D
47.366642,-122.179974,046,027,3031,4246,2025-09-22,1855,L8,high,D
48.154178,-122.127166,046,027,3131,1327,2025-09-22,1855,L8,high,D
47.470372,-122.049373,046,027,3355,3858,2025-09-22,1855,L8,high,D
47.470103,-122.049377,046,027,3355,3859,2025-09-22,1855,L8,high,D
47.470369,-122.048975,046,027,3356,3858,2025-09-22,1855,L8,high,D
47.470099,-122.048979,046,027,3356,3859,2025-09-22,1855,L8,high,D
46.849192,-121.434717,046,027,4945,6134,2025-09-22,1855,L8,medium,D
46.849187,-121.434324,046,027,4946,6134,2025-09-22,1855,L8,high,D
46.849182,-121.433931,046,027,4947,6134,2025-09-22,1855,L8,medium,D
46.825767,-121.419664,046,027,4985,6220,2025-09-22,1855,L8,low,D
46.825498,-121.419672,046,027,4985,6221,2025-09-22,1855,L8,medium,D
46.825492,-121.419279,046,027,4986,6221,2025-09-22,1855,L8,high,D
46.815447,-121.376708,046,027,5095,6256,2025-09-22,1855,L8,medium,D
46.88563,-121.319857,046,027,5234,5993,2025-09-22,1855,L8,high,D
46.885361,-121.319865,046,027,5234,5994,2025-09-22,1855,L8,low,D
46.885894,-121.319455,046,027,5235,5992,2025-09-22,1855,L8,low,D
46.885625,-121.319463,046,027,5235,5993,2025-09-22,1855,L8,high,D
46.885619,-121.319069,046,027,5236,5993,2025-09-22,1855,L8,low,D
46.885343,-121.318684,046,027,5237,5994,2025-09-22,1855,L8,low,D
46.885337,-121.318291,046,027,5238,5994,2025-09-22,1855,L8,low,D
46.88559,-121.317101,046,027,5241,5993,2025-09-22,1855,L8,low,D
46.885584,-121.316708,046,027,5242,5993,2025-09-22,1855,L8,high,D
46.885314,-121.316716,046,027,5242,5994,2025-09-22,1855,L8,high,D
46.886928,-121.316272,046,027,5243,5988,2025-09-22,1855,L8,low,D
46.886658,-121.31628,046,027,5243,5989,2025-09-22,1855,L8,high,D
46.886388,-121.316289,046,027,5243,5990,2025-09-22,1855,L8,high,D
46.886118,-121.316297,046,027,5243,5991,2025-09-22,1855,L8,high,D
46.885848,-121.316306,046,027,5243,5992,2025-09-22,1855,L8,high,D
46.885578,-121.316314,046,027,5243,5993,2025-09-22,1855,L8,low,D
46.886922,-121.315878,046,027,5244,5988,2025-09-22,1855,L8,high,D
46.886652,-121.315887,046,027,5244,5989,2025-09-22,1855,L8,high,D
46.886382,-121.315895,046,027,5244,5990,2025-09-22,1855,L8,high,D
46.886112,-121.315904,046,027,5244,5991,2025-09-22,1855,L8,high,D
46.885842,-121.315912,046,027,5244,5992,2025-09-22,1855,L8,high,D
46.886916,-121.315485,046,027,5245,5988,2025-09-22,1855,L8,low,D
46.886646,-121.315493,046,027,5245,5989,2025-09-22,1855,L8,high,D
46.886376,-121.315502,046,027,5245,5990,2025-09-22,1855,L8,high,D
46.88664,-121.3151,046,027,5246,5989,2025-09-22,1855,L8,low,D
46.887403,-121.311925,046,027,5254,5986,2025-09-22,1855,L8,high,D
46.885227,-121.310812,046,027,5257,5994,2025-09-22,1855,L8,high,D
46.885221,-121.310419,046,027,5258,5994,2025-09-22,1855,L8,high,D
46.882401,-121.302239,046,027,5279,6004,2025-09-22,1855,L8,high,D
46.882131,-121.302247,046,027,5279,6005,2025-09-22,1855,L8,high,D
46.884278,-121.301392,046,027,5281,5997,2025-09-22,1855,L8,high,D
46.884008,-121.3014,046,027,5281,5998,2025-09-22,1855,L8,low,D
46.885346,-121.300571,046,027,5283,5993,2025-09-22,1855,L8,medium,D
46.89181,-121.299579,046,027,5285,5969,2025-09-22,1855,L8,low,D
46.892074,-121.299177,046,027,5286,5968,2025-09-22,1855,L8,low,D
46.891804,-121.299185,046,027,5286,5969,2025-09-22,1855,L8,high,D
46.886947,-121.299339,046,027,5286,5987,2025-09-22,1855,L8,medium,D
46.891799,-121.298791,046,027,5287,5969,2025-09-22,1855,L8,high,D
46.891529,-121.2988,046,027,5287,5970,2025-09-22,1855,L8,high,D
46.886941,-121.298945,046,027,5287,5987,2025-09-22,1855,L8,medium,D
46.891793,-121.298398,046,027,5288,5969,2025-09-22,1855,L8,low,D
46.891523,-121.298406,046,027,5288,5970,2025-09-22,1855,L8,high,D
46.900663,-121.295754,046,027,5294,5936,2025-09-22,1855,L8,low,D
46.898181,-121.292288,046,027,5303,5945,2025-09-22,1855,L8,high,D
46.897096,-121.291928,046,027,5304,5949,2025-09-22,1855,L8,low,D
46.896826,-121.291937,046,027,5304,5950,2025-09-22,1855,L8,high,D
47.394413,-120.874783,046,027,6313,4081,2025-09-22,1855,L8,low,D
47.394143,-120.874794,046,027,6313,4082,2025-09-22,1855,L8,high,D
47.393874,-120.874805,046,027,6313,4083,2025-09-22,1855,L8,high,D
47.394676,-120.874375,046,027,6314,4080,2025-09-22,1855,L8,high,D
47.394406,-120.874386,046,027,6314,4081,2025-09-22,1855,L8,high,D
47.394136,-120.874396,046,027,6314,4082,2025-09-22,1855,L8,high,D
47.393866,-120.874407,046,027,6314,4083,2025-09-22,1855,L8,high,D
47.395208,-120.873956,046,027,6315,4078,2025-09-22,1855,L8,high,D
47.394938,-120.873967,046,027,6315,4079,2025-09-22,1855,L8,high,D
47.394668,-120.873977,046,027,6315,4080,2025-09-22,1855,L8,high,D
47.394398,-120.873988,046,027,6315,4081,2025-09-22,1855,L8,high,D
47.394129,-120.873999,046,027,6315,4082,2025-09-22,1855,L8,high,D
47.393859,-120.87401,046,027,6315,4083,2025-09-22,1855,L8,high,D
47.393589,-120.874021,046,027,6315,4084,2025-09-22,1855,L8,high,D
47.394931,-120.873569,046,027,6316,4079,2025-09-22,1855,L8,high,D
47.394661,-120.87358,046,027,6316,4080,2025-09-22,1855,L8,high,D
47.394391,-120.873591,046,027,6316,4081,2025-09-22,1855,L8,high,D
47.394121,-120.873602,046,027,6316,4082,2025-09-22,1855,L8,high,D
47.393851,-120.873613,046,027,6316,4083,2025-09-22,1855,L8,high,D
47.393582,-120.873624,046,027,6316,4084,2025-09-22,1855,L8,high,D
47.394114,-120.873205,046,027,6317,4082,2025-09-22,1855,L8,low,D
47.392481,-120.872475,046,027,6319,4088,2025-09-22,1855,L8,high,D
47.381676,-120.872115,046,027,6321,4128,2025-09-22,1855,L8,high,D
47.383556,-120.871642,046,027,6322,4121,2025-09-22,1855,L8,medium,D
47.383287,-120.871653,046,027,6322,4122,2025-09-22,1855,L8,high,D
47.383017,-120.871664,046,027,6322,4123,2025-09-22,1855,L8,medium,D
47.381668,-120.871718,046,027,6322,4128,2025-09-22,1855,L8,high,D
47.377892,-120.87187,046,027,6322,4142,2025-09-22,1855,L8,medium,D
47.395688,-120.870756,046,027,6323,4076,2025-09-22,1855,L8,medium,D
47.383549,-120.871245,046,027,6323,4121,2025-09-22,1855,L8,low,D
47.383279,-120.871256,046,027,6323,4122,2025-09-22,1855,L8,medium,D
47.378154,-120.871462,046,027,6323,4141,2025-09-22,1855,L8,medium,D
47.377884,-120.871473,046,027,6323,4142,2025-09-22,1855,L8,high,D
47.377614,-120.871484,046,027,6323,4143,2025-09-22,1855,L8,high,D
47.377345,-120.871495,046,027,6323,4144,2025-09-22,1855,L8,medium,D
47.383542,-120.870848,046,027,6324,4121,2025-09-22,1855,L8,high,D
47.383272,-120.870859,046,027,6324,4122,2025-09-22,1855,L8,medium,D
47.378416,-120.871054,046,027,6324,4140,2025-09-22,1855,L8,medium,D
47.377877,-120.871076,046,027,6324,4142,2025-09-22,1855,L8,medium,D
47.377607,-120.871087,046,027,6324,4143,2025-09-22,1855,L8,high,D
47.377337,-120.871098,046,027,6324,4144,2025-09-22,1855,L8,high,D
47.384883,-120.870396,046,027,6325,4116,2025-09-22,1855,L8,low,D
47.383534,-120.870451,046,027,6325,4121,2025-09-22,1855,L8,high,D
47.3776,-120.87069,046,027,6325,4143,2025-09-22,1855,L8,medium,D
47.37733,-120.8707,046,027,6325,4144,2025-09-22,1855,L8,high,D
47.37679,-120.870722,046,027,6325,4146,2025-09-22,1855,L8,high,D
47.396206,-120.869542,046,027,6326,4074,2025-09-22,1855,L8,high,D
47.395936,-120.869553,046,027,6326,4075,2025-09-22,1855,L8,medium,D
47.384066,-120.870032,046,027,6326,4119,2025-09-22,1855,L8,medium,D
47.383797,-120.870042,046,027,6326,4120,2025-09-22,1855,L8,high,D
47.383527,-120.870053,046,027,6326,4121,2025-09-22,1855,L8,low,D
47.376783,-120.870325,046,027,6326,4146,2025-09-22,1855,L8,high,D
47.376513,-120.870336,046,027,6326,4147,2025-09-22,1855,L8,high,D
47.376243,-120.870347,046,027,6326,4148,2025-09-22,1855,L8,medium,D
47.396198,-120.869145,046,027,6327,4074,2025-09-22,1855,L8,medium,D
47.384059,-120.869634,046,027,6327,4119,2025-09-22,1855,L8,high,D
47.383789,-120.869645,046,027,6327,4120,2025-09-22,1855,L8,high,D
47.38352,-120.869656,046,027,6327,4121,2025-09-22,1855,L8,high,D
47.376776,-120.869928,046,027,6327,4146,2025-09-22,1855,L8,medium,D
47.376506,-120.869939,046,027,6327,4147,2025-09-22,1855,L8,high,D
47.376236,-120.86995,046,027,6327,4148,2025-09-22,1855,L8,medium,D
47.384052,-120.869237,046,027,6328,4119,2025-09-22,1855,L8,medium,D
47.383782,-120.869248,046,027,6328,4120,2025-09-22,1855,L8,high,D
47.383512,-120.869259,046,027,6328,4121,2025-09-22,1855,L8,medium,D
47.376229,-120.869553,046,027,6328,4148,2025-09-22,1855,L8,high,D
47.375959,-120.869563,046,027,6328,4149,2025-09-22,1855,L8,high,D
47.375689,-120.869574,046,027,6328,4150,2025-09-22,1855,L8,high,D
47.374071,-120.869639,046,027,6328,4156,2025-09-22,1855,L8,medium,D
47.373801,-120.86965,046,027,6328,4157,2025-09-22,1855,L8,high,D
47.373531,-120.869661,046,027,6328,4158,2025-09-22,1855,L8,high,D
47.376221,-120.869155,046,027,6329,4148,2025-09-22,1855,L8,high,D
47.375952,-120.869166,046,027,6329,4149,2025-09-22,1855,L8,high,D
47.375682,-120.869177,046,027,6329,4150,2025-09-22,1855,L8,high,D
47.373793,-120.869253,046,027,6329,4157,2025-09-22,1855,L8,medium,D
47.371905,-120.869329,046,027,6329,4164,2025-09-22,1855,L8,high,D
47.371635,-120.86934,046,027,6329,4165,2025-09-22,1855,L8,medium,D
47.376214,-120.868758,046,027,6330,4148,2025-09-22,1855,L8,high,D
47.375944,-120.868769,046,027,6330,4149,2025-09-22,1855,L8,medium,D
47.375674,-120.86878,046,027,6330,4150,2025-09-22,1855,L8,high,D
47.375405,-120.868791,046,027,6330,4151,2025-09-22,1855,L8,high,D
47.372168,-120.868921,046,027,6330,4163,2025-09-22,1855,L8,low,D
47.371898,-120.868932,046,027,6330,4164,2025-09-22,1855,L8,high,D
47.371628,-120.868943,046,027,6330,4165,2025-09-22,1855,L8,high,D
47.375667,-120.868383,046,027,6331,4150,2025-09-22,1855,L8,medium,D
47.375397,-120.868394,046,027,6331,4151,2025-09-22,1855,L8,high,D
47.3727,-120.868503,046,027,6331,4161,2025-09-22,1855,L8,low,D
47.371613,-120.868149,046,027,6332,4165,2025-09-22,1855,L8,high,D
47.372415,-120.867719,046,027,6333,4162,2025-09-22,1855,L8,medium,D
47.372145,-120.86773,046,027,6333,4163,2025-09-22,1855,L8,high,D
47.371876,-120.867741,046,027,6333,4164,2025-09-22,1855,L8,high,D
47.371606,-120.867752,046,027,6333,4165,2025-09-22,1855,L8,high,D
47.372138,-120.867333,046,027,6334,4163,2025-09-22,1855,L8,high,D
47.371868,-120.867344,046,027,6334,4164,2025-09-22,1855,L8,high,D
47.371598,-120.867355,046,027,6334,4165,2025-09-22,1855,L8,high,D
47.372925,-120.866109,046,027,6337,4160,2025-09-22,1855,L8,high,D
47.372655,-120.86612,046,027,6337,4161,2025-09-22,1855,L8,high,D
47.372918,-120.865712,046,027,6338,4160,2025-09-22,1855,L8,high,D
47.372648,-120.865723,046,027,6338,4161,2025-09-22,1855,L8,high,D
47.371299,-120.865777,046,027,6338,4166,2025-09-22,1855,L8,medium,D
47.371029,-120.865788,046,027,6338,4167,2025-09-22,1855,L8,high,D
47.37076,-120.865799,046,027,6338,4168,2025-09-22,1855,L8,medium,D
47.371022,-120.865391,046,027,6339,4167,2025-09-22,1855,L8,medium,D
47.370752,-120.865402,046,027,6339,4168,2025-09-22,1855,L8,medium,D
47.370745,-120.865005,046,027,6340,4168,2025-09-22,1855,L8,high,D
47.371007,-120.864597,046,027,6341,4167,2025-09-22,1855,L8,medium,D
47.370737,-120.864608,046,027,6341,4168,2025-09-22,1855,L8,high,D
47.370468,-120.864619,046,027,6341,4169,2025-09-22,1855,L8,high,D
47.37046,-120.864222,046,027,6342,4169,2025-09-22,1855,L8,high,D
47.370191,-120.864233,046,027,6342,4170,2025-09-22,1855,L8,high,D
47.370453,-120.863825,046,027,6343,4169,2025-09-22,1855,L8,low,D
47.370183,-120.863835,046,027,6343,4170,2025-09-22,1855,L8,high,D
47.369913,-120.863846,046,027,6343,4171,2025-09-22,1855,L8,low,D
47.408595,-120.824901,046,027,6437,4025,2025-09-22,1855,L8,medium,D
47.401176,-120.81805,046,027,6455,4052,2025-09-22,1855,L8,medium,D
47.400906,-120.818061,046,027,6455,4053,2025-09-22,1855,L8,low,D
47.401168,-120.817652,046,027,6456,4052,2025-09-22,1855,L8,medium,D
47.40143,-120.817244,046,027,6457,4051,2025-09-22,1855,L8,high,D
47.401161,-120.817255,046,027,6457,4052,2025-09-22,1855,L8,medium,D
47.400867,-120.773928,046,027,6566,4050,2025-09-22,1855,L8,high,D
47.400859,-120.77353,046,027,6567,4050,2025-09-22,1855,L8,medium,D
47.385731,-120.772975,046,027,6570,4106,2025-09-22,1855,L8,medium,D
47.385993,-120.772567,046,027,6571,4105,2025-09-22,1855,L8,high,D
47.385723,-120.772578,046,027,6571,4106,2025-09-22,1855,L8,high,D
47.385453,-120.772589,046,027,6571,4107,2025-09-22,1855,L8,high,D
47.385715,-120.772181,046,027,6572,4106,2025-09-22,1855,L8,high,D
47.385445,-120.772192,046,027,6572,4107,2025-09-22,1855,L8,high,D
47.384621,-120.771432,046,027,6574,4110,2025-09-22,1855,L8,high,D
47.384351,-120.771443,046,027,6574,4111,2025-09-22,1855,L8,high,D
47.384613,-120.771035,046,027,6575,4110,2025-09-22,1855,L8,high,D
47.384343,-120.771046,046,027,6575,4111,2025-09-22,1855,L8,high,D
47.403194,-120.76866,046,027,6579,4041,2025-09-22,1855,L8,low,D
47.402924,-120.768672,046,027,6579,4042,2025-09-22,1855,L8,medium,D
47.405067,-120.767786,046,027,6581,4034,2025-09-22,1855,L8,medium,D
47.401514,-120.76555,046,027,6587,4047,2025-09-22,1855,L8,medium,D
47.381014,-120.766417,046,027,6587,4123,2025-09-22,1855,L8,medium,D
47.381006,-120.76602,046,027,6588,4123,2025-09-22,1855,L8,high,D
47.405267,-120.764199,046,027,6590,4033,2025-09-22,1855,L8,high,D
47.404997,-120.76421,046,027,6590,4034,2025-09-22,1855,L8,medium,D
47.404989,-120.763813,046,027,6591,4034,2025-09-22,1855,L8,low,D
47.404689,-120.762235,046,027,6595,4035,2025-09-22,1855,L8,high,D
47.404681,-120.761838,046,027,6596,4035,2025-09-22,1855,L8,high,D
47.404673,-120.76144,046,027,6597,4035,2025-09-22,1855,L8,low,D
47.404126,-120.761066,046,027,6598,4037,2025-09-22,1855,L8,low,D
47.403856,-120.761077,046,027,6598,4038,2025-09-22,1855,L8,medium,D
47.379162,-120.754572,046,027,6617,4129,2025-09-22,1855,L8,low,D
47.378893,-120.754583,046,027,6617,4130,2025-09-22,1855,L8,low,D
47.38374,-120.75398,046,027,6618,4112,2025-09-22,1855,L8,high,D
47.38347,-120.753991,046,027,6618,4113,2025-09-22,1855,L8,high,D
47.387153,-120.749065,046,027,6630,4099,2025-09-22,1855,L8,high,D
47.380386,-120.74816,046,027,6633,4124,2025-09-22,1855,L8,low,D
47.380648,-120.747752,046,027,6634,4123,2025-09-22,1855,L8,high,D
47.380378,-120.747763,046,027,6634,4124,2025-09-22,1855,L8,high,D
47.38064,-120.747355,046,027,6635,4123,2025-09-22,1855,L8,high,D
47.380371,-120.747366,046,027,6635,4124,2025-09-22,1855,L8,low,D
47.395151,-120.743953,046,027,6642,4069,2025-09-22,1855,L8,high,D
47.38111,-120.743758,046,027,6644,4121,2025-09-22,1855,L8,high,D
47.38084,-120.743769,046,027,6644,4122,2025-09-22,1855,L8,high,D
47.381102,-120.74336,046,027,6645,4121,2025-09-22,1855,L8,low,D
47.380832,-120.743372,046,027,6645,4122,2025-09-22,1855,L8,low,D
47.380824,-120.742975,046,027,6646,4122,2025-09-22,1855,L8,high,D
47.380554,-120.742986,046,027,6646,4123,2025-09-22,1855,L8,low,D
47.408044,-120.740619,046,027,6649,4021,2025-09-22,1855,L8,medium,D
47.40856,-120.739404,046,027,6652,4019,2025-09-22,1855,L8,medium,D
47.400198,-120.739761,046,027,6652,4050,2025-09-22,1855,L8,high,D
47.383744,-120.740465,046,027,6652,4111,2025-09-22,1855,L8,low,D
47.383475,-120.740477,046,027,6652,4112,2025-09-22,1855,L8,high,D
47.408552,-120.739006,046,027,6653,4019,2025-09-22,1855,L8,medium,D
47.40019,-120.739364,046,027,6653,4050,2025-09-22,1855,L8,high,D
47.408814,-120.738597,046,027,6654,4018,2025-09-22,1855,L8,low,D
47.387505,-120.739509,046,027,6654,4097,2025-09-22,1855,L8,low,D
47.40906,-120.737394,046,027,6657,4017,2025-09-22,1855,L8,high,D
47.40879,-120.737405,046,027,6657,4018,2025-09-22,1855,L8,high,D
47.408521,-120.737417,046,027,6657,4019,2025-09-22,1855,L8,medium,D
47.409052,-120.736996,046,027,6658,4017,2025-09-22,1855,L8,medium,D
47.408782,-120.737008,046,027,6658,4018,2025-09-22,1855,L8,high,D
47.383158,-120.738105,046,027,6658,4113,2025-09-22,1855,L8,high,D
47.382888,-120.738117,046,027,6658,4114,2025-09-22,1855,L8,high,D
47.386387,-120.73757,046,027,6659,4101,2025-09-22,1855,L8,high,D
47.386117,-120.737581,046,027,6659,4102,2025-09-22,1855,L8,high,D
47.384229,-120.737662,046,027,6659,4109,2025-09-22,1855,L8,high,D
47.383959,-120.737674,046,027,6659,4110,2025-09-22,1855,L8,high,D
47.38342,-120.737697,046,027,6659,4112,2025-09-22,1855,L8,high,D
47.38315,-120.737708,046,027,6659,4113,2025-09-22,1855,L8,high,D
47.38288,-120.73772,046,027,6659,4114,2025-09-22,1855,L8,high,D
47.410115,-120.736156,046,027,6660,4013,2025-09-22,1855,L8,medium,D
47.409846,-120.736167,046,027,6660,4014,2025-09-22,1855,L8,medium,D
47.409306,-120.73619,046,027,6660,4016,2025-09-22,1855,L8,medium,D
47.397168,-120.73671,046,027,6660,4061,2025-09-22,1855,L8,medium,D
47.383951,-120.737276,046,027,6660,4110,2025-09-22,1855,L8,high,D
47.385292,-120.736822,046,027,6661,4105,2025-09-22,1855,L8,low,D
47.385022,-120.736833,046,027,6661,4106,2025-09-22,1855,L8,medium,D
47.4101,-120.735361,046,027,6662,4013,2025-09-22,1855,L8,high,D
47.383936,-120.736482,046,027,6662,4110,2025-09-22,1855,L8,high,D
47.383666,-120.736494,046,027,6662,4111,2025-09-22,1855,L8,low,D
47.382857,-120.736528,046,027,6662,4114,2025-09-22,1855,L8,low,D
47.410362,-120.734952,046,027,6663,4012,2025-09-22,1855,L8,high,D
47.410092,-120.734963,046,027,6663,4013,2025-09-22,1855,L8,medium,D
47.384198,-120.736073,046,027,6663,4109,2025-09-22,1855,L8,low,D
47.383928,-120.736085,046,027,6663,4110,2025-09-22,1855,L8,high,D
47.383658,-120.736097,046,027,6663,4111,2025-09-22,1855,L8,low,D
47.410354,-120.734555,046,027,6664,4012,2025-09-22,1855,L8,high,D
47.410084,-120.734566,046,027,6664,4013,2025-09-22,1855,L8,medium,D
47.410346,-120.734157,046,027,6665,4012,2025-09-22,1855,L8,medium,D
47.411139,-120.733328,046,027,6667,4009,2025-09-22,1855,L8,medium,D
47.41087,-120.733339,046,027,6667,4010,2025-09-22,1855,L8,high,D
47.4106,-120.733351,046,027,6667,4011,2025-09-22,1855,L8,high,D
47.382817,-120.734543,046,027,6667,4114,2025-09-22,1855,L8,medium,D
47.382548,-120.734554,046,027,6667,4115,2025-09-22,1855,L8,high,D
47.411132,-120.73293,046,027,6668,4009,2025-09-22,1855,L8,medium,D
47.410862,-120.732942,046,027,6668,4010,2025-09-22,1855,L8,high,D
47.410592,-120.732954,046,027,6668,4011,2025-09-22,1855,L8,high,D
47.383349,-120.734122,046,027,6668,4112,2025-09-22,1855,L8,high,D
47.383079,-120.734134,046,027,6668,4113,2025-09-22,1855,L8,high,D
47.38281,-120.734146,046,027,6668,4114,2025-09-22,1855,L8,high,D
47.38254,-120.734157,046,027,6668,4115,2025-09-22,1855,L8,high,D
47.38227,-120.734169,046,027,6668,4116,2025-09-22,1855,L8,medium,D
47.410854,-120.732545,046,027,6669,4010,2025-09-22,1855,L8,medium,D
47.410584,-120.732556,046,027,6669,4011,2025-09-22,1855,L8,high,D
47.410314,-120.732568,046,027,6669,4012,2025-09-22,1855,L8,high,D
47.405999,-120.732753,046,027,6669,4028,2025-09-22,1855,L8,medium,D
47.40519,-120.732788,046,027,6669,4031,2025-09-22,1855,L8,low,D
47.383341,-120.733725,046,027,6669,4112,2025-09-22,1855,L8,high,D
47.382262,-120.733772,046,027,6669,4116,2025-09-22,1855,L8,medium,D
47.398708,-120.732668,046,027,6670,4055,2025-09-22,1855,L8,high,D
47.398438,-120.73268,046,027,6670,4056,2025-09-22,1855,L8,high,D
47.398169,-120.732692,046,027,6670,4057,2025-09-22,1855,L8,high,D
47.387379,-120.733155,046,027,6670,4097,2025-09-22,1855,L8,low,D
47.38657,-120.733189,046,027,6670,4100,2025-09-22,1855,L8,high,D
47.3863,-120.733201,046,027,6670,4101,2025-09-22,1855,L8,high,D
47.386031,-120.733212,046,027,6670,4102,2025-09-22,1855,L8,high,D
47.383873,-120.733305,046,027,6670,4110,2025-09-22,1855,L8,medium,D
47.382524,-120.733363,046,027,6670,4115,2025-09-22,1855,L8,high,D
47.382254,-120.733374,046,027,6670,4116,2025-09-22,1855,L8,medium,D
47.398431,-120.732283,046,027,6671,4056,2025-09-22,1855,L8,low,D
47.387641,-120.732746,046,027,6671,4096,2025-09-22,1855,L8,high,D
47.387371,-120.732757,046,027,6671,4097,2025-09-22,1855,L8,low,D
47.386293,-120.732804,046,027,6671,4101,2025-09-22,1855,L8,low,D
47.386023,-120.732815,046,027,6671,4102,2025-09-22,1855,L8,low,D
47.382516,-120.732966,046,027,6671,4115,2025-09-22,1855,L8,high,D
47.382247,-120.732977,046,027,6671,4116,2025-09-22,1855,L8,high,D
47.386285,-120.732407,046,027,6672,4101,2025-09-22,1855,L8,low,D
47.382778,-120.732557,046,027,6672,4114,2025-09-22,1855,L8,medium,D
47.382508,-120.732569,046,027,6672,4115,2025-09-22,1855,L8,high,D
47.382239,-120.73258,046,027,6672,4116,2025-09-22,1855,L8,high,D
47.381969,-120.732592,046,027,6672,4117,2025-09-22,1855,L8,low,D
47.38277,-120.73216,046,027,6673,4114,2025-09-22,1855,L8,high,D
47.382501,-120.732171,046,027,6673,4115,2025-09-22,1855,L8,high,D
47.382231,-120.732183,046,027,6673,4116,2025-09-22,1855,L8,high,D
47.410275,-120.730581,046,027,6674,4012,2025-09-22,1855,L8,high,D
47.386539,-120.731601,046,027,6674,4100,2025-09-22,1855,L8,medium,D
47.410267,-120.730184,046,027,6675,4012,2025-09-22,1855,L8,high,D
47.409998,-120.730195,046,027,6675,4013,2025-09-22,1855,L8,high,D
47.409728,-120.730207,046,027,6675,4014,2025-09-22,1855,L8,medium,D
47.383024,-120.731354,046,027,6675,4113,2025-09-22,1855,L8,high,D
47.410529,-120.729775,046,027,6676,4011,2025-09-22,1855,L8,high,D
47.410259,-120.729786,046,027,6676,4012,2025-09-22,1855,L8,high,D
47.38976,-120.730667,046,027,6676,4088,2025-09-22,1855,L8,low,D
47.38949,-120.730679,046,027,6676,4089,2025-09-22,1855,L8,low,D
47.410791,-120.729366,046,027,6677,4010,2025-09-22,1855,L8,high,D
47.410521,-120.729377,046,027,6677,4011,2025-09-22,1855,L8,high,D
47.410252,-120.729389,046,027,6677,4012,2025-09-22,1855,L8,high,D
47.410513,-120.72898,046,027,6678,4011,2025-09-22,1855,L8,high,D
47.386238,-120.730024,046,027,6678,4101,2025-09-22,1855,L8,low,D
47.399177,-120.72907,046,027,6679,4053,2025-09-22,1855,L8,low,D
47.412116,-120.728116,046,027,6680,4005,2025-09-22,1855,L8,high,D
47.411846,-120.728127,046,027,6680,4006,2025-09-22,1855,L8,medium,D
47.412378,-120.727707,046,027,6681,4004,2025-09-22,1855,L8,high,D
47.412108,-120.727718,046,027,6681,4005,2025-09-22,1855,L8,high,D
47.411838,-120.72773,046,027,6681,4006,2025-09-22,1855,L8,high,D
47.41237,-120.727309,046,027,6682,4004,2025-09-22,1855,L8,high,D
47.4121,-120.727321,046,027,6682,4005,2025-09-22,1855,L8,high,D
47.411831,-120.727333,046,027,6682,4006,2025-09-22,1855,L8,low,D
47.393759,-120.72811,046,027,6682,4073,2025-09-22,1855,L8,high,D
47.393489,-120.728122,046,027,6682,4074,2025-09-22,1855,L8,high,D
47.389173,-120.728307,046,027,6682,4090,2025-09-22,1855,L8,low,D
47.412632,-120.7269,046,027,6683,4003,2025-09-22,1855,L8,high,D
47.412362,-120.726912,046,027,6683,4004,2025-09-22,1855,L8,high,D
47.412092,-120.726924,046,027,6683,4005,2025-09-22,1855,L8,high,D
47.393751,-120.727713,046,027,6683,4073,2025-09-22,1855,L8,high,D
47.393481,-120.727725,046,027,6683,4074,2025-09-22,1855,L8,high,D
47.412894,-120.726492,046,027,6684,4002,2025-09-22,1855,L8,high,D
47.412624,-120.726503,046,027,6684,4003,2025-09-22,1855,L8,high,D
47.412354,-120.726515,046,027,6684,4004,2025-09-22,1855,L8,high,D
47.412084,-120.726526,046,027,6684,4005,2025-09-22,1855,L8,high,D
47.412886,-120.726094,046,027,6685,4002,2025-09-22,1855,L8,high,D
47.412616,-120.726106,046,027,6685,4003,2025-09-22,1855,L8,high,D
47.412346,-120.726117,046,027,6685,4004,2025-09-22,1855,L8,high,D
47.412077,-120.726129,046,027,6685,4005,2025-09-22,1855,L8,high,D
47.412608,-120.725708,046,027,6686,4003,2025-09-22,1855,L8,low,D
47.393457,-120.726533,046,027,6686,4074,2025-09-22,1855,L8,medium,D
47.393188,-120.726545,046,027,6686,4075,2025-09-22,1855,L8,high,D
47.385905,-120.726858,046,027,6686,4102,2025-09-22,1855,L8,high,D
47.385635,-120.726869,046,027,6686,4103,2025-09-22,1855,L8,high,D
47.394528,-120.726089,046,027,6687,4070,2025-09-22,1855,L8,high,D
47.394259,-120.726101,046,027,6687,4071,2025-09-22,1855,L8,high,D
47.393989,-120.726112,046,027,6687,4072,2025-09-22,1855,L8,low,D
47.393449,-120.726136,046,027,6687,4074,2025-09-22,1855,L8,low,D
47.39318,-120.726147,046,027,6687,4075,2025-09-22,1855,L8,low,D
47.391292,-120.726229,046,027,6687,4082,2025-09-22,1855,L8,low,D
47.379963,-120.726716,046,027,6687,4124,2025-09-22,1855,L8,medium,D
47.379693,-120.726728,046,027,6687,4125,2025-09-22,1855,L8,medium,D
47.39452,-120.725692,046,027,6688,4070,2025-09-22,1855,L8,high,D
47.394251,-120.725704,046,027,6688,4071,2025-09-22,1855,L8,high,D
47.393981,-120.725715,046,027,6688,4072,2025-09-22,1855,L8,high,D
47.393711,-120.725727,046,027,6688,4073,2025-09-22,1855,L8,high,D
47.379955,-120.726319,046,027,6688,4124,2025-09-22,1855,L8,medium,D
47.379685,-120.72633,046,027,6688,4125,2025-09-22,1855,L8,high,D
47.394513,-120.725295,046,027,6689,4070,2025-09-22,1855,L8,high,D
47.394243,-120.725306,046,027,6689,4071,2025-09-22,1855,L8,high,D
47.393973,-120.725318,046,027,6689,4072,2025-09-22,1855,L8,high,D
47.393703,-120.72533,046,027,6689,4073,2025-09-22,1855,L8,low,D
47.379408,-120.725945,046,027,6689,4126,2025-09-22,1855,L8,medium,D
47.379138,-120.725956,046,027,6689,4127,2025-09-22,1855,L8,low,D
47.394505,-120.724898,046,027,6690,4070,2025-09-22,1855,L8,high,D
47.394235,-120.724909,046,027,6690,4071,2025-09-22,1855,L8,high,D
47.393965,-120.724921,046,027,6690,4072,2025-09-22,1855,L8,high,D
47.393695,-120.724932,046,027,6690,4073,2025-09-22,1855,L8,high,D
47.3794,-120.725548,046,027,6690,4126,2025-09-22,1855,L8,high,D
47.37913,-120.725559,046,027,6690,4127,2025-09-22,1855,L8,low,D
47.412569,-120.723722,046,027,6691,4003,2025-09-22,1855,L8,medium,D
47.412299,-120.723733,046,027,6691,4004,2025-09-22,1855,L8,low,D
47.394767,-120.724489,046,027,6691,4069,2025-09-22,1855,L8,low,D
47.394497,-120.7245,046,027,6691,4070,2025-09-22,1855,L8,high,D
47.394227,-120.724512,046,027,6691,4071,2025-09-22,1855,L8,high,D
47.393957,-120.724524,046,027,6691,4072,2025-09-22,1855,L8,high,D
47.393688,-120.724535,046,027,6691,4073,2025-09-22,1855,L8,high,D
47.379392,-120.725151,046,027,6691,4126,2025-09-22,1855,L8,medium,D
47.394489,-120.724103,046,027,6692,4070,2025-09-22,1855,L8,high,D
47.394219,-120.724115,046,027,6692,4071,2025-09-22,1855,L8,high,D
47.393949,-120.724126,046,027,6692,4072,2025-09-22,1855,L8,high,D
47.39368,-120.724138,046,027,6692,4073,2025-09-22,1855,L8,high,D
47.379923,-120.72473,046,027,6692,4124,2025-09-22,1855,L8,medium,D
47.396909,-120.723601,046,027,6693,4061,2025-09-22,1855,L8,high,D
47.396639,-120.723613,046,027,6693,4062,2025-09-22,1855,L8,high,D
47.396099,-120.723636,046,027,6693,4064,2025-09-22,1855,L8,low,D
47.396901,-120.723204,046,027,6694,4061,2025-09-22,1855,L8,high,D
47.396631,-120.723216,046,027,6694,4062,2025-09-22,1855,L8,high,D
47.396361,-120.723227,046,027,6694,4063,2025-09-22,1855,L8,high,D
47.396091,-120.723239,046,027,6694,4064,2025-09-22,1855,L8,high,D
47.395822,-120.723251,046,027,6694,4065,2025-09-22,1855,L8,high,D
47.395552,-120.723262,046,027,6694,4066,2025-09-22,1855,L8,high,D
47.395282,-120.723274,046,027,6694,4067,2025-09-22,1855,L8,high,D
47.393664,-120.723344,046,027,6694,4073,2025-09-22,1855,L8,low,D
47.396623,-120.722818,046,027,6695,4062,2025-09-22,1855,L8,low,D
47.396353,-120.72283,046,027,6695,4063,2025-09-22,1855,L8,high,D
47.396084,-120.722842,046,027,6695,4064,2025-09-22,1855,L8,high,D
47.395814,-120.722853,046,027,6695,4065,2025-09-22,1855,L8,high,D
47.395544,-120.722865,046,027,6695,4066,2025-09-22,1855,L8,high,D
47.395274,-120.722877,046,027,6695,4067,2025-09-22,1855,L8,high,D
47.395005,-120.722888,046,027,6695,4068,2025-09-22,1855,L8,high,D
47.414417,-120.721653,046,027,6696,3996,2025-09-22,1855,L8,medium,D
47.396615,-120.722421,046,027,6696,4062,2025-09-22,1855,L8,high,D
47.396345,-120.722433,046,027,6696,4063,2025-09-22,1855,L8,high,D
47.396076,-120.722444,046,027,6696,4064,2025-09-22,1855,L8,high,D
47.395806,-120.722456,046,027,6696,4065,2025-09-22,1855,L8,high,D
47.395536,-120.722468,046,027,6696,4066,2025-09-22,1855,L8,high,D
47.395267,-120.722479,046,027,6696,4067,2025-09-22,1855,L8,low,D
47.393648,-120.722549,046,027,6696,4073,2025-09-22,1855,L8,low,D
47.393378,-120.722561,046,027,6696,4074,2025-09-22,1855,L8,low,D
47.41414,-120.721268,046,027,6697,3997,2025-09-22,1855,L8,low,D
47.41387,-120.721279,046,027,6697,3998,2025-09-22,1855,L8,low,D
47.4136,-120.721291,046,027,6697,3999,2025-09-22,1855,L8,high,D
47.396877,-120.722012,046,027,6697,4061,2025-09-22,1855,L8,high,D
47.396607,-120.722024,046,027,6697,4062,2025-09-22,1855,L8,high,D
47.396338,-120.722036,046,027,6697,4063,2025-09-22,1855,L8,high,D
47.396068,-120.722047,046,027,6697,4064,2025-09-22,1855,L8,high,D
47.395798,-120.722059,046,027,6697,4065,2025-09-22,1855,L8,high,D
47.395528,-120.72207,046,027,6697,4066,2025-09-22,1855,L8,high,D
47.395259,-120.722082,046,027,6697,4067,2025-09-22,1855,L8,high,D
47.394989,-120.722094,046,027,6697,4068,2025-09-22,1855,L8,low,D
47.394449,-120.722117,046,027,6697,4070,2025-09-22,1855,L8,high,D
47.39418,-120.722129,046,027,6697,4071,2025-09-22,1855,L8,high,D
47.39364,-120.722152,046,027,6697,4073,2025-09-22,1855,L8,low,D
47.413592,-120.720893,046,027,6698,3999,2025-09-22,1855,L8,high,D
47.396599,-120.721627,046,027,6698,4062,2025-09-22,1855,L8,high,D
47.39633,-120.721638,046,027,6698,4063,2025-09-22,1855,L8,high,D
47.39606,-120.72165,046,027,6698,4064,2025-09-22,1855,L8,high,D
47.39579,-120.721662,046,027,6698,4065,2025-09-22,1855,L8,high,D
47.39552,-120.721673,046,027,6698,4066,2025-09-22,1855,L8,high,D
47.395251,-120.721685,046,027,6698,4067,2025-09-22,1855,L8,high,D
47.394981,-120.721697,046,027,6698,4068,2025-09-22,1855,L8,high,D
47.394711,-120.721708,046,027,6698,4069,2025-09-22,1855,L8,low,D
47.394442,-120.72172,046,027,6698,4070,2025-09-22,1855,L8,high,D
47.394172,-120.721731,046,027,6698,4071,2025-09-22,1855,L8,high,D
47.393902,-120.721743,046,027,6698,4072,2025-09-22,1855,L8,high,D
47.393632,-120.721755,046,027,6698,4073,2025-09-22,1855,L8,high,D
47.393363,-120.721766,046,027,6698,4074,2025-09-22,1855,L8,high,D
47.393093,-120.721778,046,027,6698,4075,2025-09-22,1855,L8,low,D
47.395782,-120.721264,046,027,6699,4065,2025-09-22,1855,L8,low,D
47.395513,-120.721276,046,027,6699,4066,2025-09-22,1855,L8,low,D
47.394703,-120.721311,046,027,6699,4069,2025-09-22,1855,L8,low,D
47.394434,-120.721323,046,027,6699,4070,2025-09-22,1855,L8,high,D
47.394164,-120.721334,046,027,6699,4071,2025-09-22,1855,L8,high,D
47.393894,-120.721346,046,027,6699,4072,2025-09-22,1855,L8,high,D
47.393624,-120.721357,046,027,6699,4073,2025-09-22,1855,L8,high,D
47.393355,-120.721369,046,027,6699,4074,2025-09-22,1855,L8,high,D
47.393085,-120.721381,046,027,6699,4075,2025-09-22,1855,L8,high,D
47.396044,-120.720856,046,027,6700,4064,2025-09-22,1855,L8,high,D
47.395774,-120.720867,046,027,6700,4065,2025-09-22,1855,L8,low,D
47.394695,-120.720914,046,027,6700,4069,2025-09-22,1855,L8,high,D
47.394426,-120.720925,046,027,6700,4070,2025-09-22,1855,L8,high,D
47.394156,-120.720937,046,027,6700,4071,2025-09-22,1855,L8,high,D
47.393886,-120.720949,046,027,6700,4072,2025-09-22,1855,L8,high,D
47.393617,-120.72096,046,027,6700,4073,2025-09-22,1855,L8,high,D
47.393347,-120.720972,046,027,6700,4074,2025-09-22,1855,L8,high,D
47.396036,-120.720458,046,027,6701,4064,2025-09-22,1855,L8,high,D
47.395766,-120.72047,046,027,6701,4065,2025-09-22,1855,L8,low,D
47.394688,-120.720516,046,027,6701,4069,2025-09-22,1855,L8,high,D
47.394418,-120.720528,046,027,6701,4070,2025-09-22,1855,L8,high,D
47.394148,-120.72054,046,027,6701,4071,2025-09-22,1855,L8,high,D
47.393878,-120.720551,046,027,6701,4072,2025-09-22,1855,L8,high,D
47.393609,-120.720563,046,027,6701,4073,2025-09-22,1855,L8,high,D
47.397107,-120.720014,046,027,6702,4060,2025-09-22,1855,L8,low,D
47.396837,-120.720026,046,027,6702,4061,2025-09-22,1855,L8,high,D
47.396568,-120.720038,046,027,6702,4062,2025-09-22,1855,L8,low,D
47.396028,-120.720061,046,027,6702,4064,2025-09-22,1855,L8,low,D
47.395219,-120.720096,046,027,6702,4067,2025-09-22,1855,L8,low,D
47.394949,-120.720108,046,027,6702,4068,2025-09-22,1855,L8,high,D
47.39468,-120.720119,046,027,6702,4069,2025-09-22,1855,L8,high,D
47.39441,-120.720131,046,027,6702,4070,2025-09-22,1855,L8,high,D
47.39414,-120.720143,046,027,6702,4071,2025-09-22,1855,L8,high,D
47.39387,-120.720154,046,027,6702,4072,2025-09-22,1855,L8,high,D
47.393601,-120.720166,046,027,6702,4073,2025-09-22,1855,L8,high,D
47.39683,-120.719629,046,027,6703,4061,2025-09-22,1855,L8,low,D
47.39656,-120.719641,046,027,6703,4062,2025-09-22,1855,L8,high,D
47.39602,-120.719664,046,027,6703,4064,2025-09-22,1855,L8,low,D
47.395751,-120.719675,046,027,6703,4065,2025-09-22,1855,L8,low,D
47.395481,-120.719687,046,027,6703,4066,2025-09-22,1855,L8,high,D
47.395211,-120.719699,046,027,6703,4067,2025-09-22,1855,L8,high,D
47.394941,-120.71971,046,027,6703,4068,2025-09-22,1855,L8,high,D
47.394672,-120.719722,046,027,6703,4069,2025-09-22,1855,L8,high,D
47.394402,-120.719734,046,027,6703,4070,2025-09-22,1855,L8,high,D
47.394132,-120.719745,046,027,6703,4071,2025-09-22,1855,L8,high,D
47.393863,-120.719757,046,027,6703,4072,2025-09-22,1855,L8,high,D
47.393593,-120.719769,046,027,6703,4073,2025-09-22,1855,L8,high,D
47.397091,-120.71922,046,027,6704,4060,2025-09-22,1855,L8,low,D
47.396282,-120.719255,046,027,6704,4063,2025-09-22,1855,L8,high,D
47.396012,-120.719267,046,027,6704,4064,2025-09-22,1855,L8,high,D
47.395743,-120.719278,046,027,6704,4065,2025-09-22,1855,L8,high,D
47.395473,-120.71929,046,027,6704,4066,2025-09-22,1855,L8,high,D
47.395203,-120.719301,046,027,6704,4067,2025-09-22,1855,L8,high,D
47.394934,-120.719313,046,027,6704,4068,2025-09-22,1855,L8,high,D
47.394664,-120.719325,046,027,6704,4069,2025-09-22,1855,L8,high,D
47.394394,-120.719336,046,027,6704,4070,2025-09-22,1855,L8,high,D
47.394124,-120.719348,046,027,6704,4071,2025-09-22,1855,L8,high,D
47.393855,-120.71936,046,027,6704,4072,2025-09-22,1855,L8,high,D
47.393585,-120.719371,046,027,6704,4073,2025-09-22,1855,L8,high,D
47.396544,-120.718846,046,027,6705,4062,2025-09-22,1855,L8,low,D
47.396274,-120.718858,046,027,6705,4063,2025-09-22,1855,L8,high,D
47.396005,-120.718869,046,027,6705,4064,2025-09-22,1855,L8,high,D
47.395735,-120.718881,046,027,6705,4065,2025-09-22,1855,L8,high,D
47.395465,-120.718893,046,027,6705,4066,2025-09-22,1855,L8,high,D
47.395195,-120.718904,046,027,6705,4067,2025-09-22,1855,L8,high,D
47.394926,-120.718916,046,027,6705,4068,2025-09-22,1855,L8,high,D
47.394656,-120.718928,046,027,6705,4069,2025-09-22,1855,L8,high,D
47.394386,-120.718939,046,027,6705,4070,2025-09-22,1855,L8,high,D
47.394116,-120.718951,046,027,6705,4071,2025-09-22,1855,L8,high,D
47.393847,-120.718962,046,027,6705,4072,2025-09-22,1855,L8,high,D
47.393577,-120.718974,046,027,6705,4073,2025-09-22,1855,L8,low,D
47.396536,-120.718449,046,027,6706,4062,2025-09-22,1855,L8,high,D
47.396266,-120.71846,046,027,6706,4063,2025-09-22,1855,L8,high,D
47.395997,-120.718472,046,027,6706,4064,2025-09-22,1855,L8,high,D
47.395727,-120.718484,046,027,6706,4065,2025-09-22,1855,L8,high,D
47.395457,-120.718495,046,027,6706,4066,2025-09-22,1855,L8,high,D
47.395187,-120.718507,046,027,6706,4067,2025-09-22,1855,L8,high,D
47.394918,-120.718519,046,027,6706,4068,2025-09-22,1855,L8,high,D
47.394648,-120.71853,046,027,6706,4069,2025-09-22,1855,L8,high,D
47.394378,-120.718542,046,027,6706,4070,2025-09-22,1855,L8,high,D
47.394109,-120.718554,046,027,6706,4071,2025-09-22,1855,L8,high,D
47.393839,-120.718565,046,027,6706,4072,2025-09-22,1855,L8,high,D
47.400035,-120.7179,046,027,6707,4049,2025-09-22,1855,L8,high,D
47.396528,-120.718052,046,027,6707,4062,2025-09-22,1855,L8,high,D
47.396258,-120.718063,046,027,6707,4063,2025-09-22,1855,L8,high,D
47.395989,-120.718075,046,027,6707,4064,2025-09-22,1855,L8,high,D
47.395719,-120.718087,046,027,6707,4065,2025-09-22,1855,L8,high,D
47.395449,-120.718098,046,027,6707,4066,2025-09-22,1855,L8,high,D
47.39518,-120.71811,046,027,6707,4067,2025-09-22,1855,L8,high,D
47.39491,-120.718121,046,027,6707,4068,2025-09-22,1855,L8,high,D
47.39464,-120.718133,046,027,6707,4069,2025-09-22,1855,L8,high,D
47.39437,-120.718145,046,027,6707,4070,2025-09-22,1855,L8,high,D
47.394101,-120.718156,046,027,6707,4071,2025-09-22,1855,L8,high,D
47.393831,-120.718168,046,027,6707,4072,2025-09-22,1855,L8,high,D
47.393561,-120.71818,046,027,6707,4073,2025-09-22,1855,L8,low,D
47.39679,-120.717643,046,027,6708,4061,2025-09-22,1855,L8,low,D
47.39652,-120.717654,046,027,6708,4062,2025-09-22,1855,L8,high,D
47.396251,-120.717666,046,027,6708,4063,2025-09-22,1855,L8,high,D
47.395981,-120.717678,046,027,6708,4064,2025-09-22,1855,L8,high,D
47.395711,-120.717689,046,027,6708,4065,2025-09-22,1855,L8,high,D
47.395441,-120.717701,046,027,6708,4066,2025-09-22,1855,L8,high,D
47.395172,-120.717713,046,027,6708,4067,2025-09-22,1855,L8,high,D
47.394902,-120.717724,046,027,6708,4068,2025-09-22,1855,L8,high,D
47.394632,-120.717736,046,027,6708,4069,2025-09-22,1855,L8,high,D
47.394362,-120.717748,046,027,6708,4070,2025-09-22,1855,L8,high,D
47.394093,-120.717759,046,027,6708,4071,2025-09-22,1855,L8,high,D
47.393823,-120.717771,046,027,6708,4072,2025-09-22,1855,L8,high,D
47.393553,-120.717782,046,027,6708,4073,2025-09-22,1855,L8,high,D
47.393284,-120.717794,046,027,6708,4074,2025-09-22,1855,L8,low,D
47.374672,-120.718598,046,027,6708,4143,2025-09-22,1855,L8,low,D
47.399749,-120.717117,046,027,6709,4050,2025-09-22,1855,L8,high,D
47.399479,-120.717129,046,027,6709,4051,2025-09-22,1855,L8,high,D
47.396782,-120.717245,046,027,6709,4061,2025-09-22,1855,L8,low,D
47.396512,-120.717257,046,027,6709,4062,2025-09-22,1855,L8,high,D
47.396243,-120.717269,046,027,6709,4063,2025-09-22,1855,L8,high,D
47.395973,-120.71728,046,027,6709,4064,2025-09-22,1855,L8,high,D
47.395703,-120.717292,046,027,6709,4065,2025-09-22,1855,L8,high,D
47.395433,-120.717304,046,027,6709,4066,2025-09-22,1855,L8,high,D
47.395164,-120.717315,046,027,6709,4067,2025-09-22,1855,L8,high,D
47.394894,-120.717327,046,027,6709,4068,2025-09-22,1855,L8,high,D
47.394624,-120.717339,046,027,6709,4069,2025-09-22,1855,L8,high,D
47.394355,-120.71735,046,027,6709,4070,2025-09-22,1855,L8,high,D
47.394085,-120.717362,046,027,6709,4071,2025-09-22,1855,L8,high,D
47.393815,-120.717374,046,027,6709,4072,2025-09-22,1855,L8,high,D
47.393545,-120.717385,046,027,6709,4073,2025-09-22,1855,L8,high,D
47.393276,-120.717397,046,027,6709,4074,2025-09-22,1855,L8,low,D
47.397044,-120.716837,046,027,6710,4060,2025-09-22,1855,L8,low,D
47.396774,-120.716848,046,027,6710,4061,2025-09-22,1855,L8,low,D
47.396504,-120.71686,046,027,6710,4062,2025-09-22,1855,L8,high,D
47.396235,-120.716871,046,027,6710,4063,2025-09-22,1855,L8,high,D
47.395965,-120.716883,046,027,6710,4064,2025-09-22,1855,L8,high,D
47.395695,-120.716895,046,027,6710,4065,2025-09-22,1855,L8,high,D
47.395426,-120.716906,046,027,6710,4066,2025-09-22,1855,L8,high,D
47.395156,-120.716918,046,027,6710,4067,2025-09-22,1855,L8,high,D
47.394886,-120.71693,046,027,6710,4068,2025-09-22,1855,L8,high,D
47.394616,-120.716941,046,027,6710,4069,2025-09-22,1855,L8,high,D
47.394347,-120.716953,046,027,6710,4070,2025-09-22,1855,L8,high,D
47.394077,-120.716965,046,027,6710,4071,2025-09-22,1855,L8,high,D
47.393807,-120.716976,046,027,6710,4072,2025-09-22,1855,L8,high,D
47.393537,-120.716988,046,027,6710,4073,2025-09-22,1855,L8,low,D
47.397036,-120.716439,046,027,6711,4060,2025-09-22,1855,L8,low,D
47.396766,-120.716451,046,027,6711,4061,2025-09-22,1855,L8,high,D
47.396497,-120.716463,046,027,6711,4062,2025-09-22,1855,L8,high,D
47.396227,-120.716474,046,027,6711,4063,2025-09-22,1855,L8,high,D
47.395957,-120.716486,046,027,6711,4064,2025-09-22,1855,L8,high,D
47.395687,-120.716498,046,027,6711,4065,2025-09-22,1855,L8,high,D
47.395418,-120.716509,046,027,6711,4066,2025-09-22,1855,L8,high,D
47.395148,-120.716521,046,027,6711,4067,2025-09-22,1855,L8,high,D
47.394878,-120.716533,046,027,6711,4068,2025-09-22,1855,L8,high,D
47.394608,-120.716544,046,027,6711,4069,2025-09-22,1855,L8,high,D
47.394339,-120.716556,046,027,6711,4070,2025-09-22,1855,L8,high,D
47.394069,-120.716568,046,027,6711,4071,2025-09-22,1855,L8,high,D
47.393799,-120.716579,046,027,6711,4072,2025-09-22,1855,L8,high,D
47.39353,-120.716591,046,027,6711,4073,2025-09-22,1855,L8,high,D
47.375188,-120.717383,046,027,6711,4141,2025-09-22,1855,L8,low,D
47.397028,-120.716042,046,027,6712,4060,2025-09-22,1855,L8,low,D
47.396758,-120.716054,046,027,6712,4061,2025-09-22,1855,L8,high,D
47.396489,-120.716065,046,027,6712,4062,2025-09-22,1855,L8,high,D
47.396219,-120.716077,046,027,6712,4063,2025-09-22,1855,L8,high,D
47.395949,-120.716089,046,027,6712,4064,2025-09-22,1855,L8,high,D
47.395679,-120.7161,046,027,6712,4065,2025-09-22,1855,L8,high,D
47.39541,-120.716112,046,027,6712,4066,2025-09-22,1855,L8,high,D
47.39514,-120.716124,046,027,6712,4067,2025-09-22,1855,L8,high,D
47.39487,-120.716135,046,027,6712,4068,2025-09-22,1855,L8,high,D
47.394601,-120.716147,046,027,6712,4069,2025-09-22,1855,L8,high,D
47.394331,-120.716159,046,027,6712,4070,2025-09-22,1855,L8,high,D
47.394061,-120.71617,046,027,6712,4071,2025-09-22,1855,L8,high,D
47.393791,-120.716182,046,027,6712,4072,2025-09-22,1855,L8,high,D
47.393522,-120.716194,046,027,6712,4073,2025-09-22,1855,L8,high,D
47.37518,-120.716986,046,027,6712,4141,2025-09-22,1855,L8,low,D
47.39675,-120.715656,046,027,6713,4061,2025-09-22,1855,L8,low,D
47.396481,-120.715668,046,027,6713,4062,2025-09-22,1855,L8,high,D
47.396211,-120.71568,046,027,6713,4063,2025-09-22,1855,L8,high,D
47.395941,-120.715691,046,027,6713,4064,2025-09-22,1855,L8,high,D
47.395672,-120.715703,046,027,6713,4065,2025-09-22,1855,L8,high,D
47.395402,-120.715715,046,027,6713,4066,2025-09-22,1855,L8,high,D
47.395132,-120.715726,046,027,6713,4067,2025-09-22,1855,L8,high,D
47.394862,-120.715738,046,027,6713,4068,2025-09-22,1855,L8,high,D
47.394593,-120.71575,046,027,6713,4069,2025-09-22,1855,L8,high,D
47.394323,-120.715761,046,027,6713,4070,2025-09-22,1855,L8,high,D
47.394053,-120.715773,046,027,6713,4071,2025-09-22,1855,L8,high,D
47.393783,-120.715785,046,027,6713,4072,2025-09-22,1855,L8,high,D
47.393514,-120.715796,046,027,6713,4073,2025-09-22,1855,L8,low,D
47.396743,-120.715259,046,027,6714,4061,2025-09-22,1855,L8,low,D
47.396473,-120.715271,046,027,6714,4062,2025-09-22,1855,L8,high,D
47.396203,-120.715283,046,027,6714,4063,2025-09-22,1855,L8,high,D
47.395933,-120.715294,046,027,6714,4064,2025-09-22,1855,L8,high,D
47.395664,-120.715306,046,027,6714,4065,2025-09-22,1855,L8,high,D
47.395394,-120.715318,046,027,6714,4066,2025-09-22,1855,L8,high,D
47.395124,-120.715329,046,027,6714,4067,2025-09-22,1855,L8,high,D
47.394854,-120.715341,046,027,6714,4068,2025-09-22,1855,L8,high,D
47.394585,-120.715353,046,027,6714,4069,2025-09-22,1855,L8,high,D
47.394315,-120.715364,046,027,6714,4070,2025-09-22,1855,L8,high,D
47.394045,-120.715376,046,027,6714,4071,2025-09-22,1855,L8,high,D
47.393776,-120.715388,046,027,6714,4072,2025-09-22,1855,L8,high,D
47.393506,-120.715399,046,027,6714,4073,2025-09-22,1855,L8,low,D
47.400241,-120.71471,046,027,6715,4048,2025-09-22,1855,L8,high,D
47.396465,-120.714874,046,027,6715,4062,2025-09-22,1855,L8,low,D
47.396195,-120.714885,046,027,6715,4063,2025-09-22,1855,L8,high,D
47.395925,-120.714897,046,027,6715,4064,2025-09-22,1855,L8,high,D
47.395656,-120.714909,046,027,6715,4065,2025-09-22,1855,L8,high,D
47.395386,-120.71492,046,027,6715,4066,2025-09-22,1855,L8,high,D
47.395116,-120.714932,046,027,6715,4067,2025-09-22,1855,L8,high,D
47.394847,-120.714944,046,027,6715,4068,2025-09-22,1855,L8,high,D
47.394577,-120.714955,046,027,6715,4069,2025-09-22,1855,L8,high,D
47.394307,-120.714967,046,027,6715,4070,2025-09-22,1855,L8,high,D
47.394037,-120.714979,046,027,6715,4071,2025-09-22,1855,L8,high,D
47.393768,-120.71499,046,027,6715,4072,2025-09-22,1855,L8,high,D
47.393498,-120.715002,046,027,6715,4073,2025-09-22,1855,L8,low,D
47.396187,-120.714488,046,027,6716,4063,2025-09-22,1855,L8,low,D
47.395917,-120.7145,046,027,6716,4064,2025-09-22,1855,L8,low,D
47.395648,-120.714511,046,027,6716,4065,2025-09-22,1855,L8,low,D
47.395378,-120.714523,046,027,6716,4066,2025-09-22,1855,L8,high,D
47.395108,-120.714535,046,027,6716,4067,2025-09-22,1855,L8,high,D
47.394839,-120.714546,046,027,6716,4068,2025-09-22,1855,L8,high,D
47.394569,-120.714558,046,027,6716,4069,2025-09-22,1855,L8,high,D
47.394299,-120.71457,046,027,6716,4070,2025-09-22,1855,L8,high,D
47.394029,-120.714581,046,027,6716,4071,2025-09-22,1855,L8,high,D
47.39376,-120.714593,046,027,6716,4072,2025-09-22,1855,L8,high,D
47.39349,-120.714605,046,027,6716,4073,2025-09-22,1855,L8,low,D
47.400765,-120.713892,046,027,6717,4046,2025-09-22,1855,L8,high,D
47.400495,-120.713904,046,027,6717,4047,2025-09-22,1855,L8,high,D
47.39564,-120.714114,046,027,6717,4065,2025-09-22,1855,L8,low,D
47.39537,-120.714126,046,027,6717,4066,2025-09-22,1855,L8,low,D
47.3951,-120.714138,046,027,6717,4067,2025-09-22,1855,L8,low,D
47.394831,-120.714149,046,027,6717,4068,2025-09-22,1855,L8,low,D
47.394561,-120.714161,046,027,6717,4069,2025-09-22,1855,L8,high,D
47.394291,-120.714173,046,027,6717,4070,2025-09-22,1855,L8,high,D
47.394021,-120.714184,046,027,6717,4071,2025-09-22,1855,L8,high,D
47.393752,-120.714196,046,027,6717,4072,2025-09-22,1855,L8,high,D
47.393482,-120.714208,046,027,6717,4073,2025-09-22,1855,L8,low,D
47.400757,-120.713495,046,027,6718,4046,2025-09-22,1855,L8,high,D
47.400487,-120.713507,046,027,6718,4047,2025-09-22,1855,L8,high,D
47.394553,-120.713764,046,027,6718,4069,2025-09-22,1855,L8,low,D
47.394283,-120.713775,046,027,6718,4070,2025-09-22,1855,L8,high,D
47.394014,-120.713787,046,027,6718,4071,2025-09-22,1855,L8,high,D
47.393744,-120.713799,046,027,6718,4072,2025-09-22,1855,L8,high,D
47.393474,-120.71381,046,027,6718,4073,2025-09-22,1855,L8,low,D
47.375402,-120.714592,046,027,6718,4140,2025-09-22,1855,L8,high,D
47.375132,-120.714604,046,027,6718,4141,2025-09-22,1855,L8,high,D
47.374863,-120.714615,046,027,6718,4142,2025-09-22,1855,L8,high,D
47.374593,-120.714627,046,027,6718,4143,2025-09-22,1855,L8,low,D
47.400749,-120.713098,046,027,6719,4046,2025-09-22,1855,L8,high,D
47.400479,-120.71311,046,027,6719,4047,2025-09-22,1855,L8,high,D
47.400209,-120.713121,046,027,6719,4048,2025-09-22,1855,L8,high,D
47.393736,-120.713401,046,027,6719,4072,2025-09-22,1855,L8,high,D
47.375394,-120.714195,046,027,6719,4140,2025-09-22,1855,L8,high,D
47.375125,-120.714207,046,027,6719,4141,2025-09-22,1855,L8,low,D
47.374855,-120.714218,046,027,6719,4142,2025-09-22,1855,L8,high,D
47.41798,-120.710761,046,027,6723,3982,2025-09-22,1855,L8,low,D
47.400178,-120.711532,046,027,6723,4048,2025-09-22,1855,L8,high,D
47.399908,-120.711544,046,027,6723,4049,2025-09-22,1855,L8,high,D
47.403121,-120.710212,046,027,6726,4037,2025-09-22,1855,L8,high,D
47.376418,-120.711369,046,027,6726,4136,2025-09-22,1855,L8,low,D
47.401756,-120.709476,046,027,6728,4042,2025-09-22,1855,L8,medium,D
47.396631,-120.709698,046,027,6728,4061,2025-09-22,1855,L8,high,D
47.396362,-120.70971,046,027,6728,4062,2025-09-22,1855,L8,high,D
47.396624,-120.709301,046,027,6729,4061,2025-09-22,1855,L8,high,D
47.396354,-120.709312,046,027,6729,4062,2025-09-22,1855,L8,high,D
47.396084,-120.709324,046,027,6729,4063,2025-09-22,1855,L8,high,D
47.376664,-120.710166,046,027,6729,4135,2025-09-22,1855,L8,low,D
47.376394,-120.710177,046,027,6729,4136,2025-09-22,1855,L8,high,D
47.376124,-120.710189,046,027,6729,4137,2025-09-22,1855,L8,high,D
47.375854,-120.710201,046,027,6729,4138,2025-09-22,1855,L8,high,D
47.396616,-120.708903,046,027,6730,4061,2025-09-22,1855,L8,high,D
47.396346,-120.708915,046,027,6730,4062,2025-09-22,1855,L8,high,D
47.377195,-120.709745,046,027,6730,4133,2025-09-22,1855,L8,high,D
47.376386,-120.70978,046,027,6730,4136,2025-09-22,1855,L8,high,D
47.376116,-120.709792,046,027,6730,4137,2025-09-22,1855,L8,medium,D
47.375847,-120.709804,046,027,6730,4138,2025-09-22,1855,L8,high,D
47.396338,-120.708518,046,027,6731,4062,2025-09-22,1855,L8,low,D
47.397671,-120.707665,046,027,6733,4057,2025-09-22,1855,L8,high,D
47.397932,-120.707256,046,027,6734,4056,2025-09-22,1855,L8,low,D
47.401431,-120.706706,046,027,6735,4043,2025-09-22,1855,L8,low,D
47.401962,-120.706286,046,027,6736,4041,2025-09-22,1855,L8,medium,D
47.401693,-120.706297,046,027,6736,4042,2025-09-22,1855,L8,low,D
47.400074,-120.706368,046,027,6736,4048,2025-09-22,1855,L8,low,D
47.399805,-120.706379,046,027,6736,4049,2025-09-22,1855,L8,high,D
47.399535,-120.706391,046,027,6736,4050,2025-09-22,1855,L8,high,D
47.400876,-120.705935,046,027,6737,4045,2025-09-22,1855,L8,low,D
47.399797,-120.705982,046,027,6737,4049,2025-09-22,1855,L8,high,D
47.399527,-120.705994,046,027,6737,4050,2025-09-22,1855,L8,high,D
47.397909,-120.706064,046,027,6737,4056,2025-09-22,1855,L8,high,D
47.374442,-120.707083,046,027,6737,4143,2025-09-22,1855,L8,medium,D
47.374173,-120.707094,046,027,6737,4144,2025-09-22,1855,L8,high,D
47.373903,-120.707106,046,027,6737,4145,2025-09-22,1855,L8,medium,D
47.416512,-120.704858,046,027,6738,3987,2025-09-22,1855,L8,high,D
47.400868,-120.705538,046,027,6738,4045,2025-09-22,1855,L8,high,D
47.400598,-120.70555,046,027,6738,4046,2025-09-22,1855,L8,high,D
47.399789,-120.705585,046,027,6738,4049,2025-09-22,1855,L8,high,D
47.399519,-120.705597,046,027,6738,4050,2025-09-22,1855,L8,high,D
47.399249,-120.705608,046,027,6738,4051,2025-09-22,1855,L8,high,D
47.397901,-120.705667,046,027,6738,4056,2025-09-22,1855,L8,low,D
47.377941,-120.706533,046,027,6738,4130,2025-09-22,1855,L8,low,D
47.377671,-120.706545,046,027,6738,4131,2025-09-22,1855,L8,medium,D
47.374434,-120.706686,046,027,6738,4143,2025-09-22,1855,L8,high,D
47.374165,-120.706697,046,027,6738,4144,2025-09-22,1855,L8,high,D
47.373895,-120.706709,046,027,6738,4145,2025-09-22,1855,L8,high,D
47.373625,-120.706721,046,027,6738,4146,2025-09-22,1855,L8,high,D
47.40086,-120.705141,046,027,6739,4045,2025-09-22,1855,L8,low,D
47.40059,-120.705153,046,027,6739,4046,2025-09-22,1855,L8,high,D
47.40032,-120.705164,046,027,6739,4047,2025-09-22,1855,L8,high,D
47.399241,-120.705211,046,027,6739,4051,2025-09-22,1855,L8,low,D
47.374157,-120.7063,046,027,6739,4144,2025-09-22,1855,L8,high,D
47.373887,-120.706312,046,027,6739,4145,2025-09-22,1855,L8,high,D
47.373617,-120.706324,046,027,6739,4146,2025-09-22,1855,L8,high,D
47.373347,-120.706335,046,027,6739,4147,2025-09-22,1855,L8,high,D
47.373078,-120.706347,046,027,6739,4148,2025-09-22,1855,L8,high,D
47.416496,-120.704063,046,027,6740,3987,2025-09-22,1855,L8,high,D
47.416226,-120.704075,046,027,6740,3988,2025-09-22,1855,L8,high,D
47.373879,-120.705915,046,027,6740,4145,2025-09-22,1855,L8,high,D
47.373609,-120.705926,046,027,6740,4146,2025-09-22,1855,L8,high,D
47.37334,-120.705938,046,027,6740,4147,2025-09-22,1855,L8,high,D
47.37307,-120.70595,046,027,6740,4148,2025-09-22,1855,L8,high,D
47.416758,-120.703654,046,027,6741,3986,2025-09-22,1855,L8,low,D
47.416488,-120.703666,046,027,6741,3987,2025-09-22,1855,L8,high,D
47.397877,-120.704475,046,027,6741,4056,2025-09-22,1855,L8,low,D
47.373601,-120.705529,046,027,6741,4146,2025-09-22,1855,L8,low,D
47.373332,-120.705541,046,027,6741,4147,2025-09-22,1855,L8,high,D
47.373062,-120.705553,046,027,6741,4148,2025-09-22,1855,L8,high,D
47.41675,-120.703257,046,027,6742,3986,2025-09-22,1855,L8,high,D
47.41648,-120.703269,046,027,6742,3987,2025-09-22,1855,L8,high,D
47.41621,-120.70328,046,027,6742,3988,2025-09-22,1855,L8,low,D
47.398678,-120.704043,046,027,6742,4053,2025-09-22,1855,L8,high,D
47.398408,-120.704055,046,027,6742,4054,2025-09-22,1855,L8,high,D
47.379527,-120.704875,046,027,6742,4124,2025-09-22,1855,L8,low,D
47.416742,-120.70286,046,027,6743,3986,2025-09-22,1855,L8,low,D
47.416472,-120.702871,046,027,6743,3987,2025-09-22,1855,L8,medium,D
47.415393,-120.702918,046,027,6743,3991,2025-09-22,1855,L8,high,D
47.415123,-120.70293,046,027,6743,3992,2025-09-22,1855,L8,low,D
47.3984,-120.703657,046,027,6743,4054,2025-09-22,1855,L8,high,D
47.379519,-120.704478,046,027,6743,4124,2025-09-22,1855,L8,medium,D
47.37925,-120.704489,046,027,6743,4125,2025-09-22,1855,L8,high,D
47.37898,-120.704501,046,027,6743,4126,2025-09-22,1855,L8,low,D
47.398123,-120.703272,046,027,6744,4055,2025-09-22,1855,L8,low,D
47.397853,-120.703283,046,027,6744,4056,2025-09-22,1855,L8,high,D
47.379242,-120.704092,046,027,6744,4125,2025-09-22,1855,L8,high,D
47.378972,-120.704104,046,027,6744,4126,2025-09-22,1855,L8,high,D
47.373308,-120.70435,046,027,6744,4147,2025-09-22,1855,L8,high,D
47.400272,-120.702781,046,027,6745,4047,2025-09-22,1855,L8,low,D
47.379234,-120.703695,046,027,6745,4125,2025-09-22,1855,L8,high,D
47.378964,-120.703707,046,027,6745,4126,2025-09-22,1855,L8,high,D
47.3733,-120.703953,046,027,6745,4147,2025-09-22,1855,L8,low,D
47.378956,-120.70331,046,027,6746,4126,2025-09-22,1855,L8,low,D
47.378686,-120.703321,046,027,6746,4127,2025-09-22,1855,L8,low,D
47.373022,-120.703568,046,027,6746,4148,2025-09-22,1855,L8,low,D
47.372752,-120.703579,046,027,6746,4149,2025-09-22,1855,L8,high,D
47.399979,-120.701601,046,027,6748,4048,2025-09-22,1855,L8,low,D
47.399709,-120.701612,046,027,6748,4049,2025-09-22,1855,L8,low,D
47.39917,-120.701636,046,027,6748,4051,2025-09-22,1855,L8,low,D
47.3989,-120.701648,046,027,6748,4052,2025-09-22,1855,L8,low,D
47.37921,-120.702504,046,027,6748,4125,2025-09-22,1855,L8,medium,D
47.400241,-120.701192,046,027,6749,4047,2025-09-22,1855,L8,low,D
47.399971,-120.701203,046,027,6749,4048,2025-09-22,1855,L8,high,D
47.399701,-120.701215,046,027,6749,4049,2025-09-22,1855,L8,high,D
47.379741,-120.702083,046,027,6749,4123,2025-09-22,1855,L8,high,D
47.379472,-120.702095,046,027,6749,4124,2025-09-22,1855,L8,high,D
47.379202,-120.702107,046,027,6749,4125,2025-09-22,1855,L8,high,D
47.373538,-120.702353,046,027,6749,4146,2025-09-22,1855,L8,high,D
47.373268,-120.702365,046,027,6749,4147,2025-09-22,1855,L8,high,D
47.414528,-120.700172,046,027,6750,3994,2025-09-22,1855,L8,low,D
47.400502,-120.700783,046,027,6750,4046,2025-09-22,1855,L8,high,D
47.400233,-120.700794,046,027,6750,4047,2025-09-22,1855,L8,high,D
47.399963,-120.700806,046,027,6750,4048,2025-09-22,1855,L8,high,D
47.399693,-120.700818,046,027,6750,4049,2025-09-22,1855,L8,high,D
47.399423,-120.70083,046,027,6750,4050,2025-09-22,1855,L8,low,D
47.374069,-120.701932,046,027,6750,4144,2025-09-22,1855,L8,high,D
47.373799,-120.701944,046,027,6750,4145,2025-09-22,1855,L8,high,D
47.37353,-120.701956,046,027,6750,4146,2025-09-22,1855,L8,high,D
47.37326,-120.701968,046,027,6750,4147,2025-09-22,1855,L8,high,D
47.41452,-120.699774,046,027,6751,3994,2025-09-22,1855,L8,high,D
47.400494,-120.700385,046,027,6751,4046,2025-09-22,1855,L8,low,D
47.400225,-120.700397,046,027,6751,4047,2025-09-22,1855,L8,high,D
47.399955,-120.700409,046,027,6751,4048,2025-09-22,1855,L8,low,D
47.374061,-120.701535,046,027,6751,4144,2025-09-22,1855,L8,high,D
47.401026,-120.699965,046,027,6752,4044,2025-09-22,1855,L8,high,D
47.400756,-120.699976,046,027,6752,4045,2025-09-22,1855,L8,high,D
47.379987,-120.70088,046,027,6752,4122,2025-09-22,1855,L8,high,D
47.379717,-120.700892,046,027,6752,4123,2025-09-22,1855,L8,high,D
47.401018,-120.699567,046,027,6753,4044,2025-09-22,1855,L8,high,D
47.400748,-120.699579,046,027,6753,4045,2025-09-22,1855,L8,high,D
47.379979,-120.700483,046,027,6753,4122,2025-09-22,1855,L8,high,D
47.379709,-120.700495,046,027,6753,4123,2025-09-22,1855,L8,high,D
47.40074,-120.699182,046,027,6754,4045,2025-09-22,1855,L8,low,D
47.399931,-120.699217,046,027,6754,4048,2025-09-22,1855,L8,high,D
47.399661,-120.699229,046,027,6754,4049,2025-09-22,1855,L8,high,D
47.399392,-120.699241,046,027,6754,4050,2025-09-22,1855,L8,low,D
47.398313,-120.699288,046,027,6754,4054,2025-09-22,1855,L8,high,D
47.379702,-120.700098,046,027,6754,4123,2025-09-22,1855,L8,medium,D
47.374846,-120.700309,046,027,6754,4141,2025-09-22,1855,L8,high,D
47.374577,-120.700321,046,027,6754,4142,2025-09-22,1855,L8,high,D
47.374037,-120.700344,046,027,6754,4144,2025-09-22,1855,L8,medium,D
47.401002,-120.698773,046,027,6755,4044,2025-09-22,1855,L8,high,D
47.400193,-120.698808,046,027,6755,4047,2025-09-22,1855,L8,medium,D
47.399923,-120.69882,046,027,6755,4048,2025-09-22,1855,L8,medium,D
47.399653,-120.698832,046,027,6755,4049,2025-09-22,1855,L8,low,D
47.375917,-120.699865,046,027,6755,4137,2025-09-22,1855,L8,low,D
47.374838,-120.699912,046,027,6755,4141,2025-09-22,1855,L8,high,D
47.374569,-120.699924,046,027,6755,4142,2025-09-22,1855,L8,low,D
47.374029,-120.699947,046,027,6755,4144,2025-09-22,1855,L8,high,D
47.401264,-120.698364,046,027,6756,4043,2025-09-22,1855,L8,high,D
47.400994,-120.698375,046,027,6756,4044,2025-09-22,1855,L8,high,D
47.400724,-120.698387,046,027,6756,4045,2025-09-22,1855,L8,low,D
47.400455,-120.698399,046,027,6756,4046,2025-09-22,1855,L8,high,D
47.400185,-120.698411,046,027,6756,4047,2025-09-22,1855,L8,high,D
47.375909,-120.699468,046,027,6756,4137,2025-09-22,1855,L8,low,D
47.37483,-120.699515,046,027,6756,4141,2025-09-22,1855,L8,low,D
47.413663,-120.697426,046,027,6757,3997,2025-09-22,1855,L8,high,D
47.413393,-120.697437,046,027,6757,3998,2025-09-22,1855,L8,high,D
47.413124,-120.697449,046,027,6757,3999,2025-09-22,1855,L8,high,D
47.401256,-120.697966,046,027,6757,4043,2025-09-22,1855,L8,high,D
47.400986,-120.697978,046,027,6757,4044,2025-09-22,1855,L8,high,D
47.400716,-120.69799,046,027,6757,4045,2025-09-22,1855,L8,high,D
47.400447,-120.698002,046,027,6757,4046,2025-09-22,1855,L8,high,D
47.400177,-120.698013,046,027,6757,4047,2025-09-22,1855,L8,high,D
47.401787,-120.697546,046,027,6758,4041,2025-09-22,1855,L8,low,D
47.401248,-120.697569,046,027,6758,4043,2025-09-22,1855,L8,high,D
47.400978,-120.697581,046,027,6758,4044,2025-09-22,1855,L8,high,D
47.400708,-120.697593,046,027,6758,4045,2025-09-22,1855,L8,high,D
47.400439,-120.697604,046,027,6758,4046,2025-09-22,1855,L8,high,D
47.400169,-120.697616,046,027,6758,4047,2025-09-22,1855,L8,high,D
47.401509,-120.69716,046,027,6759,4042,2025-09-22,1855,L8,high,D
47.40124,-120.697172,046,027,6759,4043,2025-09-22,1855,L8,high,D
47.40097,-120.697184,046,027,6759,4044,2025-09-22,1855,L8,high,D
47.4007,-120.697195,046,027,6759,4045,2025-09-22,1855,L8,high,D
47.400431,-120.697207,046,027,6759,4046,2025-09-22,1855,L8,high,D
47.400161,-120.697219,046,027,6759,4047,2025-09-22,1855,L8,high,D
47.401501,-120.696763,046,027,6760,4042,2025-09-22,1855,L8,high,D
47.401232,-120.696775,046,027,6760,4043,2025-09-22,1855,L8,high,D
47.400962,-120.696786,046,027,6760,4044,2025-09-22,1855,L8,low,D
47.400692,-120.696798,046,027,6760,4045,2025-09-22,1855,L8,high,D
47.400423,-120.69681,046,027,6760,4046,2025-09-22,1855,L8,high,D
47.399883,-120.696833,046,027,6760,4048,2025-09-22,1855,L8,low,D
47.390173,-120.697257,046,027,6760,4084,2025-09-22,1855,L8,low,D
47.389903,-120.697269,046,027,6760,4085,2025-09-22,1855,L8,low,D
47.375068,-120.697915,046,027,6760,4140,2025-09-22,1855,L8,low,D
47.401494,-120.696366,046,027,6761,4042,2025-09-22,1855,L8,high,D
47.401224,-120.696377,046,027,6761,4043,2025-09-22,1855,L8,high,D
47.400954,-120.696389,046,027,6761,4044,2025-09-22,1855,L8,high,D
47.400684,-120.696401,046,027,6761,4045,2025-09-22,1855,L8,high,D
47.399875,-120.696436,046,027,6761,4048,2025-09-22,1855,L8,low,D
47.390165,-120.69686,046,027,6761,4084,2025-09-22,1855,L8,high,D
47.389895,-120.696871,046,027,6761,4085,2025-09-22,1855,L8,high,D
47.389626,-120.696883,046,027,6761,4086,2025-09-22,1855,L8,low,D
47.3756,-120.697494,046,027,6761,4138,2025-09-22,1855,L8,low,D
47.37533,-120.697506,046,027,6761,4139,2025-09-22,1855,L8,high,D
47.37506,-120.697518,046,027,6761,4140,2025-09-22,1855,L8,high,D
47.374791,-120.697529,046,027,6761,4141,2025-09-22,1855,L8,high,D
47.374521,-120.697541,046,027,6761,4142,2025-09-22,1855,L8,high,D
47.374251,-120.697553,046,027,6761,4143,2025-09-22,1855,L8,high,D
47.373981,-120.697565,046,027,6761,4144,2025-09-22,1855,L8,high,D
47.373712,-120.697576,046,027,6761,4145,2025-09-22,1855,L8,high,D
47.373442,-120.697588,046,027,6761,4146,2025-09-22,1855,L8,high,D
47.373172,-120.6976,046,027,6761,4147,2025-09-22,1855,L8,high,D
47.372903,-120.697612,046,027,6761,4148,2025-09-22,1855,L8,high,D
47.372633,-120.697623,046,027,6761,4149,2025-09-22,1855,L8,low,D
47.401486,-120.695968,046,027,6762,4042,2025-09-22,1855,L8,low,D
47.401216,-120.69598,046,027,6762,4043,2025-09-22,1855,L8,high,D
47.400946,-120.695992,046,027,6762,4044,2025-09-22,1855,L8,high,D
47.400676,-120.696004,046,027,6762,4045,2025-09-22,1855,L8,high,D
47.390157,-120.696462,046,027,6762,4084,2025-09-22,1855,L8,low,D
47.389887,-120.696474,046,027,6762,4085,2025-09-22,1855,L8,high,D
47.375862,-120.697085,046,027,6762,4137,2025-09-22,1855,L8,high,D
47.375592,-120.697097,046,027,6762,4138,2025-09-22,1855,L8,high,D
47.375322,-120.697109,046,027,6762,4139,2025-09-22,1855,L8,high,D
47.375052,-120.697121,046,027,6762,4140,2025-09-22,1855,L8,high,D
47.374783,-120.697132,046,027,6762,4141,2025-09-22,1855,L8,high,D
47.374513,-120.697144,046,027,6762,4142,2025-09-22,1855,L8,high,D
47.374243,-120.697156,046,027,6762,4143,2025-09-22,1855,L8,high,D
47.373973,-120.697168,046,027,6762,4144,2025-09-22,1855,L8,high,D
47.373704,-120.697179,046,027,6762,4145,2025-09-22,1855,L8,high,D
47.373434,-120.697191,046,027,6762,4146,2025-09-22,1855,L8,high,D
47.373164,-120.697203,046,027,6762,4147,2025-09-22,1855,L8,high,D
47.372895,-120.697215,046,027,6762,4148,2025-09-22,1855,L8,high,D
47.372625,-120.697226,046,027,6762,4149,2025-09-22,1855,L8,high,D
47.372355,-120.697238,046,027,6762,4150,2025-09-22,1855,L8,low,D
47.401208,-120.695583,046,027,6763,4043,2025-09-22,1855,L8,high,D
47.400938,-120.695595,046,027,6763,4044,2025-09-22,1855,L8,high,D
47.400668,-120.695606,046,027,6763,4045,2025-09-22,1855,L8,high,D
47.389879,-120.696077,046,027,6763,4085,2025-09-22,1855,L8,high,D
47.375854,-120.696688,046,027,6763,4137,2025-09-22,1855,L8,high,D
47.375584,-120.6967,046,027,6763,4138,2025-09-22,1855,L8,high,D
47.375314,-120.696712,046,027,6763,4139,2025-09-22,1855,L8,high,D
47.375044,-120.696724,046,027,6763,4140,2025-09-22,1855,L8,high,D
47.374775,-120.696735,046,027,6763,4141,2025-09-22,1855,L8,high,D
47.374505,-120.696747,046,027,6763,4142,2025-09-22,1855,L8,high,D
47.374235,-120.696759,046,027,6763,4143,2025-09-22,1855,L8,high,D
47.373965,-120.696771,046,027,6763,4144,2025-09-22,1855,L8,high,D
47.373696,-120.696782,046,027,6763,4145,2025-09-22,1855,L8,high,D
47.373426,-120.696794,046,027,6763,4146,2025-09-22,1855,L8,high,D
47.373156,-120.696806,046,027,6763,4147,2025-09-22,1855,L8,high,D
47.372887,-120.696818,046,027,6763,4148,2025-09-22,1855,L8,high,D
47.372617,-120.696829,046,027,6763,4149,2025-09-22,1855,L8,high,D
47.372347,-120.696841,046,027,6763,4150,2025-09-22,1855,L8,high,D
47.40093,-120.695197,046,027,6764,4044,2025-09-22,1855,L8,high,D
47.40066,-120.695209,046,027,6764,4045,2025-09-22,1855,L8,high,D
47.390141,-120.695668,046,027,6764,4084,2025-09-22,1855,L8,high,D
47.389871,-120.69568,046,027,6764,4085,2025-09-22,1855,L8,high,D
47.376385,-120.696268,046,027,6764,4135,2025-09-22,1855,L8,high,D
47.376115,-120.696279,046,027,6764,4136,2025-09-22,1855,L8,high,D
47.375306,-120.696315,046,027,6764,4139,2025-09-22,1855,L8,low,D
47.375036,-120.696326,046,027,6764,4140,2025-09-22,1855,L8,high,D
47.374767,-120.696338,046,027,6764,4141,2025-09-22,1855,L8,high,D
47.374497,-120.69635,046,027,6764,4142,2025-09-22,1855,L8,high,D
47.374227,-120.696362,046,027,6764,4143,2025-09-22,1855,L8,high,D
47.373957,-120.696373,046,027,6764,4144,2025-09-22,1855,L8,high,D
47.373688,-120.696385,046,027,6764,4145,2025-09-22,1855,L8,high,D
47.373418,-120.696397,046,027,6764,4146,2025-09-22,1855,L8,high,D
47.373148,-120.696409,046,027,6764,4147,2025-09-22,1855,L8,high,D
47.372879,-120.696421,046,027,6764,4148,2025-09-22,1855,L8,high,D
47.372609,-120.696432,046,027,6764,4149,2025-09-22,1855,L8,low,D
47.40254,-120.694729,046,027,6765,4038,2025-09-22,1855,L8,low,D
47.402271,-120.694741,046,027,6765,4039,2025-09-22,1855,L8,low,D
47.402001,-120.694753,046,027,6765,4040,2025-09-22,1855,L8,high,D
47.400922,-120.6948,046,027,6765,4044,2025-09-22,1855,L8,low,D
47.390133,-120.695271,046,027,6765,4084,2025-09-22,1855,L8,low,D
47.389863,-120.695283,046,027,6765,4085,2025-09-22,1855,L8,low,D
47.376377,-120.695871,046,027,6765,4135,2025-09-22,1855,L8,high,D
47.376107,-120.695882,046,027,6765,4136,2025-09-22,1855,L8,high,D
47.374219,-120.695965,046,027,6765,4143,2025-09-22,1855,L8,high,D
47.373949,-120.695976,046,027,6765,4144,2025-09-22,1855,L8,high,D
47.37368,-120.695988,046,027,6765,4145,2025-09-22,1855,L8,high,D
47.37341,-120.696,046,027,6765,4146,2025-09-22,1855,L8,low,D
47.402532,-120.694332,046,027,6766,4038,2025-09-22,1855,L8,high,D
47.402263,-120.694344,046,027,6766,4039,2025-09-22,1855,L8,high,D
47.401993,-120.694356,046,027,6766,4040,2025-09-22,1855,L8,high,D
47.374481,-120.695556,046,027,6766,4142,2025-09-22,1855,L8,low,D
47.373942,-120.695579,046,027,6766,4144,2025-09-22,1855,L8,high,D
47.373672,-120.695591,046,027,6766,4145,2025-09-22,1855,L8,high,D
47.373402,-120.695603,046,027,6766,4146,2025-09-22,1855,L8,high,D
47.402255,-120.693947,046,027,6767,4039,2025-09-22,1855,L8,low,D
47.374743,-120.695147,046,027,6767,4141,2025-09-22,1855,L8,high,D
47.374473,-120.695159,046,027,6767,4142,2025-09-22,1855,L8,high,D
47.374203,-120.695171,046,027,6767,4143,2025-09-22,1855,L8,low,D
47.373664,-120.695194,046,027,6767,4145,2025-09-22,1855,L8,high,D
47.373394,-120.695206,046,027,6767,4146,2025-09-22,1855,L8,high,D
47.373124,-120.695218,046,027,6767,4147,2025-09-22,1855,L8,high,D
47.372855,-120.695229,046,027,6767,4148,2025-09-22,1855,L8,low,D
47.402247,-120.693549,046,027,6768,4039,2025-09-22,1855,L8,high,D
47.401977,-120.693561,046,027,6768,4040,2025-09-22,1855,L8,high,D
47.374735,-120.69475,046,027,6768,4141,2025-09-22,1855,L8,high,D
47.374465,-120.694762,046,027,6768,4142,2025-09-22,1855,L8,high,D
47.374195,-120.694773,046,027,6768,4143,2025-09-22,1855,L8,low,D
47.373926,-120.694785,046,027,6768,4144,2025-09-22,1855,L8,high,D
47.373656,-120.694797,046,027,6768,4145,2025-09-22,1855,L8,high,D
47.373386,-120.694809,046,027,6768,4146,2025-09-22,1855,L8,high,D
47.373116,-120.694821,046,027,6768,4147,2025-09-22,1855,L8,high,D
47.372847,-120.694832,046,027,6768,4148,2025-09-22,1855,L8,high,D
47.402239,-120.693152,046,027,6769,4039,2025-09-22,1855,L8,high,D
47.401969,-120.693164,046,027,6769,4040,2025-09-22,1855,L8,high,D
47.401699,-120.693176,046,027,6769,4041,2025-09-22,1855,L8,low,D
47.374187,-120.694376,046,027,6769,4143,2025-09-22,1855,L8,low,D
47.373918,-120.694388,046,027,6769,4144,2025-09-22,1855,L8,high,D
47.373648,-120.6944,046,027,6769,4145,2025-09-22,1855,L8,low,D
47.373108,-120.694423,046,027,6769,4147,2025-09-22,1855,L8,high,D
47.372839,-120.694435,046,027,6769,4148,2025-09-22,1855,L8,high,D
47.372569,-120.694447,046,027,6769,4149,2025-09-22,1855,L8,high,D
47.372299,-120.694459,046,027,6769,4150,2025-09-22,1855,L8,low,D
47.402231,-120.692755,046,027,6770,4039,2025-09-22,1855,L8,high,D
47.401961,-120.692767,046,027,6770,4040,2025-09-22,1855,L8,high,D
47.397106,-120.692979,046,027,6770,4058,2025-09-22,1855,L8,low,D
47.374719,-120.693956,046,027,6770,4141,2025-09-22,1855,L8,high,D
47.374449,-120.693968,046,027,6770,4142,2025-09-22,1855,L8,high,D
47.374179,-120.693979,046,027,6770,4143,2025-09-22,1855,L8,high,D
47.37391,-120.693991,046,027,6770,4144,2025-09-22,1855,L8,high,D
47.37364,-120.694003,046,027,6770,4145,2025-09-22,1855,L8,high,D
47.3731,-120.694026,046,027,6770,4147,2025-09-22,1855,L8,high,D
47.372831,-120.694038,046,027,6770,4148,2025-09-22,1855,L8,high,D
47.372561,-120.69405,046,027,6770,4149,2025-09-22,1855,L8,low,D
47.397098,-120.692581,046,027,6771,4058,2025-09-22,1855,L8,low,D
47.37498,-120.693547,046,027,6771,4140,2025-09-22,1855,L8,low,D
47.374711,-120.693559,046,027,6771,4141,2025-09-22,1855,L8,high,D
47.374441,-120.693571,046,027,6771,4142,2025-09-22,1855,L8,high,D
47.374171,-120.693582,046,027,6771,4143,2025-09-22,1855,L8,high,D
47.373902,-120.693594,046,027,6771,4144,2025-09-22,1855,L8,high,D
47.373632,-120.693606,046,027,6771,4145,2025-09-22,1855,L8,high,D
47.373362,-120.693618,046,027,6771,4146,2025-09-22,1855,L8,high,D
47.373092,-120.693629,046,027,6771,4147,2025-09-22,1855,L8,high,D
47.372823,-120.693641,046,027,6771,4148,2025-09-22,1855,L8,high,D
47.39736,-120.692172,046,027,6772,4057,2025-09-22,1855,L8,high,D
47.39709,-120.692184,046,027,6772,4058,2025-09-22,1855,L8,high,D
47.374703,-120.693162,046,027,6772,4141,2025-09-22,1855,L8,low,D
47.374433,-120.693173,046,027,6772,4142,2025-09-22,1855,L8,high,D
47.374163,-120.693185,046,027,6772,4143,2025-09-22,1855,L8,high,D
47.373894,-120.693197,046,027,6772,4144,2025-09-22,1855,L8,high,D
47.373624,-120.693209,046,027,6772,4145,2025-09-22,1855,L8,high,D
47.373354,-120.693221,046,027,6772,4146,2025-09-22,1855,L8,high,D
47.373084,-120.693232,046,027,6772,4147,2025-09-22,1855,L8,low,D
47.397352,-120.691775,046,027,6773,4057,2025-09-22,1855,L8,high,D
47.397082,-120.691787,046,027,6773,4058,2025-09-22,1855,L8,high,D
47.396812,-120.691799,046,027,6773,4059,2025-09-22,1855,L8,low,D
47.391148,-120.692046,046,027,6773,4080,2025-09-22,1855,L8,high,D
47.375234,-120.692741,046,027,6773,4139,2025-09-22,1855,L8,low,D
47.374964,-120.692753,046,027,6773,4140,2025-09-22,1855,L8,low,D
47.374695,-120.692765,046,027,6773,4141,2025-09-22,1855,L8,high,D
47.374425,-120.692776,046,027,6773,4142,2025-09-22,1855,L8,high,D
47.374155,-120.692788,046,027,6773,4143,2025-09-22,1855,L8,high,D
47.373886,-120.6928,046,027,6773,4144,2025-09-22,1855,L8,high,D
47.373616,-120.692812,046,027,6773,4145,2025-09-22,1855,L8,high,D
47.373346,-120.692823,046,027,6773,4146,2025-09-22,1855,L8,low,D
47.397074,-120.69139,046,027,6774,4058,2025-09-22,1855,L8,high,D
47.396804,-120.691402,046,027,6774,4059,2025-09-22,1855,L8,high,D
47.396535,-120.691413,046,027,6774,4060,2025-09-22,1855,L8,high,D
47.396265,-120.691425,046,027,6774,4061,2025-09-22,1855,L8,high,D
47.395995,-120.691437,046,027,6774,4062,2025-09-22,1855,L8,low,D
47.395725,-120.691449,046,027,6774,4063,2025-09-22,1855,L8,high,D
47.39114,-120.691649,046,027,6774,4080,2025-09-22,1855,L8,high,D
47.379272,-120.692167,046,027,6774,4124,2025-09-22,1855,L8,low,D
47.376575,-120.692285,046,027,6774,4134,2025-09-22,1855,L8,low,D
47.375496,-120.692332,046,027,6774,4138,2025-09-22,1855,L8,low,D
47.375226,-120.692344,046,027,6774,4139,2025-09-22,1855,L8,high,D
47.374956,-120.692356,046,027,6774,4140,2025-09-22,1855,L8,high,D
47.374687,-120.692368,046,027,6774,4141,2025-09-22,1855,L8,high,D
47.374417,-120.692379,046,027,6774,4142,2025-09-22,1855,L8,high,D
47.374147,-120.692391,046,027,6774,4143,2025-09-22,1855,L8,high,D
47.373878,-120.692403,046,027,6774,4144,2025-09-22,1855,L8,high,D
47.396796,-120.691004,046,027,6775,4059,2025-09-22,1855,L8,high,D
47.396527,-120.691016,046,027,6775,4060,2025-09-22,1855,L8,high,D
47.396257,-120.691028,046,027,6775,4061,2025-09-22,1855,L8,high,D
47.395987,-120.69104,046,027,6775,4062,2025-09-22,1855,L8,high,D
47.395717,-120.691051,046,027,6775,4063,2025-09-22,1855,L8,high,D
47.395448,-120.691063,046,027,6775,4064,2025-09-22,1855,L8,low,D
47.379264,-120.69177,046,027,6775,4124,2025-09-22,1855,L8,low,D
47.378994,-120.691782,046,027,6775,4125,2025-09-22,1855,L8,high,D
47.378725,-120.691794,046,027,6775,4126,2025-09-22,1855,L8,high,D
47.378185,-120.691817,046,027,6775,4128,2025-09-22,1855,L8,low,D
47.377915,-120.691829,046,027,6775,4129,2025-09-22,1855,L8,high,D
47.377646,-120.691841,046,027,6775,4130,2025-09-22,1855,L8,high,D
47.377376,-120.691853,046,027,6775,4131,2025-09-22,1855,L8,high,D
47.377106,-120.691864,046,027,6775,4132,2025-09-22,1855,L8,high,D
47.376837,-120.691876,046,027,6775,4133,2025-09-22,1855,L8,low,D
47.376297,-120.6919,046,027,6775,4135,2025-09-22,1855,L8,low,D
47.376027,-120.691912,046,027,6775,4136,2025-09-22,1855,L8,high,D
47.375758,-120.691923,046,027,6775,4137,2025-09-22,1855,L8,low,D
47.375488,-120.691935,046,027,6775,4138,2025-09-22,1855,L8,high,D
47.375218,-120.691947,046,027,6775,4139,2025-09-22,1855,L8,high,D
47.374948,-120.691959,046,027,6775,4140,2025-09-22,1855,L8,high,D
47.374679,-120.69197,046,027,6775,4141,2025-09-22,1855,L8,high,D
47.374409,-120.691982,046,027,6775,4142,2025-09-22,1855,L8,high,D
47.374139,-120.691994,046,027,6775,4143,2025-09-22,1855,L8,high,D
47.37387,-120.692006,046,027,6775,4144,2025-09-22,1855,L8,high,D
47.39544,-120.690666,046,027,6776,4064,2025-09-22,1855,L8,low,D
47.39517,-120.690678,046,027,6776,4065,2025-09-22,1855,L8,low,D
47.3949,-120.69069,046,027,6776,4066,2025-09-22,1855,L8,low,D
47.390315,-120.69089,046,027,6776,4083,2025-09-22,1855,L8,low,D
47.378986,-120.691385,046,027,6776,4125,2025-09-22,1855,L8,high,D
47.378717,-120.691397,046,027,6776,4126,2025-09-22,1855,L8,high,D
47.378447,-120.691409,046,027,6776,4127,2025-09-22,1855,L8,high,D
47.378177,-120.69142,046,027,6776,4128,2025-09-22,1855,L8,high,D
47.377907,-120.691432,046,027,6776,4129,2025-09-22,1855,L8,high,D
47.377638,-120.691444,046,027,6776,4130,2025-09-22,1855,L8,high,D
47.377368,-120.691456,046,027,6776,4131,2025-09-22,1855,L8,high,D
47.377098,-120.691467,046,027,6776,4132,2025-09-22,1855,L8,high,D
47.376289,-120.691503,046,027,6776,4135,2025-09-22,1855,L8,low,D
47.376019,-120.691515,046,027,6776,4136,2025-09-22,1855,L8,low,D
47.37575,-120.691526,046,027,6776,4137,2025-09-22,1855,L8,high,D
47.37548,-120.691538,046,027,6776,4138,2025-09-22,1855,L8,high,D
47.37521,-120.69155,046,027,6776,4139,2025-09-22,1855,L8,high,D
47.37494,-120.691562,046,027,6776,4140,2025-09-22,1855,L8,high,D
47.374671,-120.691573,046,027,6776,4141,2025-09-22,1855,L8,high,D
47.374401,-120.691585,046,027,6776,4142,2025-09-22,1855,L8,high,D
47.374131,-120.691597,046,027,6776,4143,2025-09-22,1855,L8,high,D
47.373862,-120.691609,046,027,6776,4144,2025-09-22,1855,L8,high,D
47.395432,-120.690269,046,027,6777,4064,2025-09-22,1855,L8,high,D
47.395162,-120.690281,046,027,6777,4065,2025-09-22,1855,L8,high,D
47.394892,-120.690292,046,027,6777,4066,2025-09-22,1855,L8,high,D
47.394622,-120.690304,046,027,6777,4067,2025-09-22,1855,L8,high,D
47.394353,-120.690316,046,027,6777,4068,2025-09-22,1855,L8,high,D
47.378709,-120.691,046,027,6777,4126,2025-09-22,1855,L8,low,D
47.378439,-120.691011,046,027,6777,4127,2025-09-22,1855,L8,high,D
47.378169,-120.691023,046,027,6777,4128,2025-09-22,1855,L8,high,D
47.377899,-120.691035,046,027,6777,4129,2025-09-22,1855,L8,high,D
47.37763,-120.691047,046,027,6777,4130,2025-09-22,1855,L8,high,D
47.37736,-120.691059,046,027,6777,4131,2025-09-22,1855,L8,high,D
47.375742,-120.691129,046,027,6777,4137,2025-09-22,1855,L8,low,D
47.375472,-120.691141,046,027,6777,4138,2025-09-22,1855,L8,high,D
47.375202,-120.691153,046,027,6777,4139,2025-09-22,1855,L8,high,D
47.374932,-120.691165,046,027,6777,4140,2025-09-22,1855,L8,high,D
47.374663,-120.691176,046,027,6777,4141,2025-09-22,1855,L8,high,D
47.374393,-120.691188,046,027,6777,4142,2025-09-22,1855,L8,high,D
47.374123,-120.6912,046,027,6777,4143,2025-09-22,1855,L8,high,D
47.373854,-120.691212,046,027,6777,4144,2025-09-22,1855,L8,high,D
47.395424,-120.689872,046,027,6778,4064,2025-09-22,1855,L8,high,D
47.395154,-120.689883,046,027,6778,4065,2025-09-22,1855,L8,high,D
47.394884,-120.689895,046,027,6778,4066,2025-09-22,1855,L8,high,D
47.394614,-120.689907,046,027,6778,4067,2025-09-22,1855,L8,high,D
47.394345,-120.689919,046,027,6778,4068,2025-09-22,1855,L8,high,D
47.394075,-120.689931,046,027,6778,4069,2025-09-22,1855,L8,high,D
47.393805,-120.689942,046,027,6778,4070,2025-09-22,1855,L8,high,D
47.378431,-120.690614,046,027,6778,4127,2025-09-22,1855,L8,high,D
47.378161,-120.690626,046,027,6778,4128,2025-09-22,1855,L8,high,D
47.377891,-120.690638,046,027,6778,4129,2025-09-22,1855,L8,high,D
47.377622,-120.69065,046,027,6778,4130,2025-09-22,1855,L8,high,D
47.377352,-120.690661,046,027,6778,4131,2025-09-22,1855,L8,high,D
47.375464,-120.690744,046,027,6778,4138,2025-09-22,1855,L8,high,D
47.375194,-120.690756,046,027,6778,4139,2025-09-22,1855,L8,high,D
47.374924,-120.690767,046,027,6778,4140,2025-09-22,1855,L8,high,D
47.374655,-120.690779,046,027,6778,4141,2025-09-22,1855,L8,high,D
47.374385,-120.690791,046,027,6778,4142,2025-09-22,1855,L8,high,D
47.374115,-120.690803,046,027,6778,4143,2025-09-22,1855,L8,high,D
47.373846,-120.690815,046,027,6778,4144,2025-09-22,1855,L8,high,D
47.406474,-120.688991,046,027,6779,4023,2025-09-22,1855,L8,high,D
47.406205,-120.689002,046,027,6779,4024,2025-09-22,1855,L8,high,D
47.395416,-120.689474,046,027,6779,4064,2025-09-22,1855,L8,high,D
47.395146,-120.689486,046,027,6779,4065,2025-09-22,1855,L8,high,D
47.394876,-120.689498,046,027,6779,4066,2025-09-22,1855,L8,high,D
47.394606,-120.68951,046,027,6779,4067,2025-09-22,1855,L8,high,D
47.394337,-120.689522,046,027,6779,4068,2025-09-22,1855,L8,high,D
47.394067,-120.689533,046,027,6779,4069,2025-09-22,1855,L8,high,D
47.393797,-120.689545,046,027,6779,4070,2025-09-22,1855,L8,high,D
47.378962,-120.690194,046,027,6779,4125,2025-09-22,1855,L8,high,D
47.378693,-120.690205,046,027,6779,4126,2025-09-22,1855,L8,high,D
47.378423,-120.690217,046,027,6779,4127,2025-09-22,1855,L8,high,D
47.378153,-120.690229,046,027,6779,4128,2025-09-22,1855,L8,high,D
47.377883,-120.690241,046,027,6779,4129,2025-09-22,1855,L8,high,D
47.377614,-120.690253,046,027,6779,4130,2025-09-22,1855,L8,high,D
47.377344,-120.690264,046,027,6779,4131,2025-09-22,1855,L8,low,D
47.375456,-120.690347,046,027,6779,4138,2025-09-22,1855,L8,low,D
47.375186,-120.690359,046,027,6779,4139,2025-09-22,1855,L8,high,D
47.374916,-120.69037,046,027,6779,4140,2025-09-22,1855,L8,high,D
47.374647,-120.690382,046,027,6779,4141,2025-09-22,1855,L8,high,D
47.374377,-120.690394,046,027,6779,4142,2025-09-22,1855,L8,high,D
47.374107,-120.690406,046,027,6779,4143,2025-09-22,1855,L8,high,D
47.373838,-120.690418,046,027,6779,4144,2025-09-22,1855,L8,high,D
47.406466,-120.688593,046,027,6780,4023,2025-09-22,1855,L8,high,D
47.406197,-120.688605,046,027,6780,4024,2025-09-22,1855,L8,high,D
47.395408,-120.689077,046,027,6780,4064,2025-09-22,1855,L8,low,D
47.395138,-120.689089,046,027,6780,4065,2025-09-22,1855,L8,high,D
47.392171,-120.689219,046,027,6780,4076,2025-09-22,1855,L8,low,D
47.391901,-120.689231,046,027,6780,4077,2025-09-22,1855,L8,high,D
47.379224,-120.689785,046,027,6780,4124,2025-09-22,1855,L8,high,D
47.378954,-120.689797,046,027,6780,4125,2025-09-22,1855,L8,high,D
47.378685,-120.689808,046,027,6780,4126,2025-09-22,1855,L8,high,D
47.378415,-120.68982,046,027,6780,4127,2025-09-22,1855,L8,high,D
47.378145,-120.689832,046,027,6780,4128,2025-09-22,1855,L8,high,D
47.377875,-120.689844,046,027,6780,4129,2025-09-22,1855,L8,high,D
47.377606,-120.689855,046,027,6780,4130,2025-09-22,1855,L8,high,D
47.377336,-120.689867,046,027,6780,4131,2025-09-22,1855,L8,low,D
47.376527,-120.689903,046,027,6780,4134,2025-09-22,1855,L8,high,D
47.376257,-120.689914,046,027,6780,4135,2025-09-22,1855,L8,high,D
47.375178,-120.689962,046,027,6780,4139,2025-09-22,1855,L8,low,D
47.374908,-120.689973,046,027,6780,4140,2025-09-22,1855,L8,high,D
47.374639,-120.689985,046,027,6780,4141,2025-09-22,1855,L8,high,D
47.374369,-120.689997,046,027,6780,4142,2025-09-22,1855,L8,high,D
47.374099,-120.690009,046,027,6780,4143,2025-09-22,1855,L8,high,D
47.413471,-120.687889,046,027,6781,3997,2025-09-22,1855,L8,high,D
47.39486,-120.688704,046,027,6781,4066,2025-09-22,1855,L8,low,D
47.391893,-120.688833,046,027,6781,4077,2025-09-22,1855,L8,high,D
47.380025,-120.689352,046,027,6781,4121,2025-09-22,1855,L8,high,D
47.379756,-120.689364,046,027,6781,4122,2025-09-22,1855,L8,low,D
47.379486,-120.689376,046,027,6781,4123,2025-09-22,1855,L8,high,D
47.379216,-120.689388,046,027,6781,4124,2025-09-22,1855,L8,high,D
47.378946,-120.689399,046,027,6781,4125,2025-09-22,1855,L8,high,D
47.378677,-120.689411,046,027,6781,4126,2025-09-22,1855,L8,high,D
47.378137,-120.689435,046,027,6781,4128,2025-09-22,1855,L8,high,D
47.377867,-120.689447,046,027,6781,4129,2025-09-22,1855,L8,high,D
47.377598,-120.689458,046,027,6781,4130,2025-09-22,1855,L8,low,D
47.377328,-120.68947,046,027,6781,4131,2025-09-22,1855,L8,high,D
47.377058,-120.689482,046,027,6781,4132,2025-09-22,1855,L8,high,D
47.376789,-120.689494,046,027,6781,4133,2025-09-22,1855,L8,high,D
47.376519,-120.689506,046,027,6781,4134,2025-09-22,1855,L8,high,D
47.376249,-120.689517,046,027,6781,4135,2025-09-22,1855,L8,high,D
47.3749,-120.689576,046,027,6781,4140,2025-09-22,1855,L8,high,D
47.374631,-120.689588,046,027,6781,4141,2025-09-22,1855,L8,high,D
47.374361,-120.6896,046,027,6781,4142,2025-09-22,1855,L8,high,D
47.374091,-120.689612,046,027,6781,4143,2025-09-22,1855,L8,low,D
47.413733,-120.68748,046,027,6782,3996,2025-09-22,1855,L8,high,D
47.413463,-120.687492,046,027,6782,3997,2025-09-22,1855,L8,high,D
47.413193,-120.687503,046,027,6782,3998,2025-09-22,1855,L8,high,D
47.395122,-120.688295,046,027,6782,4065,2025-09-22,1855,L8,low,D
47.394852,-120.688306,046,027,6782,4066,2025-09-22,1855,L8,high,D
47.380287,-120.688943,046,027,6782,4120,2025-09-22,1855,L8,high,D
47.380017,-120.688955,046,027,6782,4121,2025-09-22,1855,L8,high,D
47.379748,-120.688967,046,027,6782,4122,2025-09-22,1855,L8,high,D
47.379478,-120.688979,046,027,6782,4123,2025-09-22,1855,L8,high,D
47.379208,-120.688991,046,027,6782,4124,2025-09-22,1855,L8,high,D
47.378938,-120.689002,046,027,6782,4125,2025-09-22,1855,L8,low,D
47.378669,-120.689014,046,027,6782,4126,2025-09-22,1855,L8,low,D
47.378399,-120.689026,046,027,6782,4127,2025-09-22,1855,L8,high,D
47.378129,-120.689038,046,027,6782,4128,2025-09-22,1855,L8,high,D
47.377859,-120.68905,046,027,6782,4129,2025-09-22,1855,L8,high,D
47.37759,-120.689061,046,027,6782,4130,2025-09-22,1855,L8,high,D
47.37732,-120.689073,046,027,6782,4131,2025-09-22,1855,L8,high,D
47.37705,-120.689085,046,027,6782,4132,2025-09-22,1855,L8,high,D
47.376781,-120.689097,046,027,6782,4133,2025-09-22,1855,L8,high,D
47.376511,-120.689108,046,027,6782,4134,2025-09-22,1855,L8,high,D
47.374623,-120.689191,046,027,6782,4141,2025-09-22,1855,L8,high,D
47.374353,-120.689203,046,027,6782,4142,2025-09-22,1855,L8,low,D
47.413994,-120.687071,046,027,6783,3995,2025-09-22,1855,L8,low,D
47.413725,-120.687082,046,027,6783,3996,2025-09-22,1855,L8,high,D
47.413455,-120.687094,046,027,6783,3997,2025-09-22,1855,L8,low,D
47.380549,-120.688534,046,027,6783,4119,2025-09-22,1855,L8,high,D
47.380279,-120.688546,046,027,6783,4120,2025-09-22,1855,L8,high,D
47.380009,-120.688558,046,027,6783,4121,2025-09-22,1855,L8,high,D
47.379739,-120.68857,046,027,6783,4122,2025-09-22,1855,L8,high,D
47.37947,-120.688582,046,027,6783,4123,2025-09-22,1855,L8,high,D
47.3792,-120.688593,046,027,6783,4124,2025-09-22,1855,L8,high,D
47.378661,-120.688617,046,027,6783,4126,2025-09-22,1855,L8,high,D
47.378391,-120.688629,046,027,6783,4127,2025-09-22,1855,L8,high,D
47.378121,-120.688641,046,027,6783,4128,2025-09-22,1855,L8,high,D
47.377851,-120.688652,046,027,6783,4129,2025-09-22,1855,L8,high,D
47.377582,-120.688664,046,027,6783,4130,2025-09-22,1855,L8,high,D
47.377312,-120.688676,046,027,6783,4131,2025-09-22,1855,L8,high,D
47.377042,-120.688688,046,027,6783,4132,2025-09-22,1855,L8,high,D
47.376773,-120.6887,046,027,6783,4133,2025-09-22,1855,L8,low,D
47.375154,-120.68877,046,027,6783,4139,2025-09-22,1855,L8,low,D
47.374884,-120.688782,046,027,6783,4140,2025-09-22,1855,L8,high,D
47.374615,-120.688794,046,027,6783,4141,2025-09-22,1855,L8,high,D
47.374345,-120.688806,046,027,6783,4142,2025-09-22,1855,L8,high,D
47.413717,-120.686685,046,027,6784,3996,2025-09-22,1855,L8,low,D
47.380541,-120.688137,046,027,6784,4119,2025-09-22,1855,L8,high,D
47.380271,-120.688149,046,027,6784,4120,2025-09-22,1855,L8,high,D
47.380001,-120.688161,046,027,6784,4121,2025-09-22,1855,L8,high,D
47.379731,-120.688173,046,027,6784,4122,2025-09-22,1855,L8,high,D
47.379462,-120.688185,046,027,6784,4123,2025-09-22,1855,L8,high,D
47.379192,-120.688196,046,027,6784,4124,2025-09-22,1855,L8,low,D
47.378653,-120.68822,046,027,6784,4126,2025-09-22,1855,L8,low,D
47.378383,-120.688232,046,027,6784,4127,2025-09-22,1855,L8,high,D
47.378113,-120.688244,046,027,6784,4128,2025-09-22,1855,L8,high,D
47.377843,-120.688255,046,027,6784,4129,2025-09-22,1855,L8,high,D
47.377574,-120.688267,046,027,6784,4130,2025-09-22,1855,L8,high,D
47.377304,-120.688279,046,027,6784,4131,2025-09-22,1855,L8,high,D
47.377034,-120.688291,046,027,6784,4132,2025-09-22,1855,L8,low,D
47.374876,-120.688385,046,027,6784,4140,2025-09-22,1855,L8,high,D
47.374607,-120.688397,046,027,6784,4141,2025-09-22,1855,L8,high,D
47.374337,-120.688409,046,027,6784,4142,2025-09-22,1855,L8,high,D
47.413709,-120.686288,046,027,6785,3996,2025-09-22,1855,L8,low,D
47.380533,-120.68774,046,027,6785,4119,2025-09-22,1855,L8,high,D
47.380263,-120.687752,046,027,6785,4120,2025-09-22,1855,L8,high,D
47.379993,-120.687764,046,027,6785,4121,2025-09-22,1855,L8,high,D
47.379723,-120.687776,046,027,6785,4122,2025-09-22,1855,L8,high,D
47.379454,-120.687787,046,027,6785,4123,2025-09-22,1855,L8,high,D
47.379184,-120.687799,046,027,6785,4124,2025-09-22,1855,L8,high,D
47.378914,-120.687811,046,027,6785,4125,2025-09-22,1855,L8,high,D
47.377835,-120.687858,046,027,6785,4129,2025-09-22,1855,L8,low,D
47.374868,-120.687988,046,027,6785,4140,2025-09-22,1855,L8,low,D
47.381064,-120.68732,046,027,6786,4117,2025-09-22,1855,L8,high,D
47.380794,-120.687331,046,027,6786,4118,2025-09-22,1855,L8,high,D
47.380525,-120.687343,046,027,6786,4119,2025-09-22,1855,L8,high,D
47.380255,-120.687355,046,027,6786,4120,2025-09-22,1855,L8,high,D
47.379985,-120.687367,046,027,6786,4121,2025-09-22,1855,L8,high,D
47.379715,-120.687379,046,027,6786,4122,2025-09-22,1855,L8,high,D
47.379446,-120.68739,046,027,6786,4123,2025-09-22,1855,L8,high,D
47.379176,-120.687402,046,027,6786,4124,2025-09-22,1855,L8,high,D
47.378906,-120.687414,046,027,6786,4125,2025-09-22,1855,L8,high,D
47.394273,-120.686344,046,027,6787,4068,2025-09-22,1855,L8,low,D
47.394003,-120.686356,046,027,6787,4069,2025-09-22,1855,L8,high,D
47.393733,-120.686367,046,027,6787,4070,2025-09-22,1855,L8,high,D
47.393463,-120.686379,046,027,6787,4071,2025-09-22,1855,L8,low,D
47.381326,-120.686911,046,027,6787,4116,2025-09-22,1855,L8,high,D
47.381056,-120.686922,046,027,6787,4117,2025-09-22,1855,L8,high,D
47.380786,-120.686934,046,027,6787,4118,2025-09-22,1855,L8,high,D
47.380517,-120.686946,046,027,6787,4119,2025-09-22,1855,L8,high,D
47.380247,-120.686958,046,027,6787,4120,2025-09-22,1855,L8,high,D
47.378898,-120.687017,046,027,6787,4125,2025-09-22,1855,L8,low,D
47.393995,-120.685958,046,027,6788,4069,2025-09-22,1855,L8,low,D
47.393725,-120.68597,046,027,6788,4070,2025-09-22,1855,L8,high,D
47.393455,-120.685982,046,027,6788,4071,2025-09-22,1855,L8,low,D
47.381318,-120.686514,046,027,6788,4116,2025-09-22,1855,L8,high,D
47.381048,-120.686525,046,027,6788,4117,2025-09-22,1855,L8,high,D
47.380778,-120.686537,046,027,6788,4118,2025-09-22,1855,L8,high,D
47.390195,-120.684932,046,027,6791,4083,2025-09-22,1855,L8,low,D
47.389925,-120.684944,046,027,6791,4084,2025-09-22,1855,L8,high,D
47.413113,-120.68353,046,027,6792,3998,2025-09-22,1855,L8,low,D
47.412843,-120.683542,046,027,6792,3999,2025-09-22,1855,L8,high,D
47.395042,-120.684322,046,027,6792,4065,2025-09-22,1855,L8,high,D
47.394772,-120.684334,046,027,6792,4066,2025-09-22,1855,L8,high,D
47.393154,-120.684405,046,027,6792,4072,2025-09-22,1855,L8,low,D
47.392884,-120.684417,046,027,6792,4073,2025-09-22,1855,L8,high,D
47.379398,-120.685008,046,027,6792,4123,2025-09-22,1855,L8,high,D
47.379128,-120.68502,046,027,6792,4124,2025-09-22,1855,L8,high,D
47.378858,-120.685031,046,027,6792,4125,2025-09-22,1855,L8,high,D
47.413105,-120.683132,046,027,6793,3998,2025-09-22,1855,L8,high,D
47.412835,-120.683144,046,027,6793,3999,2025-09-22,1855,L8,high,D
47.395303,-120.683913,046,027,6793,4064,2025-09-22,1855,L8,low,D
47.395034,-120.683925,046,027,6793,4065,2025-09-22,1855,L8,high,D
47.394764,-120.683937,046,027,6793,4066,2025-09-22,1855,L8,high,D
47.37939,-120.684611,046,027,6793,4123,2025-09-22,1855,L8,low,D
47.37912,-120.684622,046,027,6793,4124,2025-09-22,1855,L8,high,D
47.37885,-120.684634,046,027,6793,4125,2025-09-22,1855,L8,high,D
47.37858,-120.684646,046,027,6793,4126,2025-09-22,1855,L8,high,D
47.412827,-120.682747,046,027,6794,3999,2025-09-22,1855,L8,low,D
47.395295,-120.683516,046,027,6794,4064,2025-09-22,1855,L8,high,D
47.395026,-120.683528,046,027,6794,4065,2025-09-22,1855,L8,high,D
47.390171,-120.683741,046,027,6794,4083,2025-09-22,1855,L8,low,D
47.379112,-120.684225,046,027,6794,4124,2025-09-22,1855,L8,high,D
47.378842,-120.684237,046,027,6794,4125,2025-09-22,1855,L8,high,D
47.378572,-120.684249,046,027,6794,4126,2025-09-22,1855,L8,high,D
47.378303,-120.684261,046,027,6794,4127,2025-09-22,1855,L8,low,D
47.396906,-120.683048,046,027,6795,4058,2025-09-22,1855,L8,low,D
47.396636,-120.68306,046,027,6795,4059,2025-09-22,1855,L8,low,D
47.378834,-120.68384,046,027,6795,4125,2025-09-22,1855,L8,high,D
47.378564,-120.683852,046,027,6795,4126,2025-09-22,1855,L8,high,D
47.378295,-120.683864,046,027,6795,4127,2025-09-22,1855,L8,high,D
47.396898,-120.682651,046,027,6796,4058,2025-09-22,1855,L8,high,D
47.396628,-120.682662,046,027,6796,4059,2025-09-22,1855,L8,high,D
47.378826,-120.683443,046,027,6796,4125,2025-09-22,1855,L8,low,D
47.378556,-120.683455,046,027,6796,4126,2025-09-22,1855,L8,high,D
47.378287,-120.683467,046,027,6796,4127,2025-09-22,1855,L8,high,D
47.39689,-120.682253,046,027,6797,4058,2025-09-22,1855,L8,high,D
47.39662,-120.682265,046,027,6797,4059,2025-09-22,1855,L8,low,D
47.382594,-120.68288,046,027,6797,4111,2025-09-22,1855,L8,high,D
47.378548,-120.683058,046,027,6797,4126,2025-09-22,1855,L8,low,D
47.396881,-120.681856,046,027,6798,4058,2025-09-22,1855,L8,high,D
47.390138,-120.682152,046,027,6798,4083,2025-09-22,1855,L8,high,D
47.389869,-120.682164,046,027,6798,4084,2025-09-22,1855,L8,high,D
47.386362,-120.682318,046,027,6798,4097,2025-09-22,1855,L8,high,D
47.382586,-120.682483,046,027,6798,4111,2025-09-22,1855,L8,high,D
47.382316,-120.682495,046,027,6798,4112,2025-09-22,1855,L8,high,D
47.409281,-120.680914,046,027,6799,4012,2025-09-22,1855,L8,low,D
47.397413,-120.681435,046,027,6799,4056,2025-09-22,1855,L8,high,D
47.397143,-120.681447,046,027,6799,4057,2025-09-22,1855,L8,high,D
47.39013,-120.681755,046,027,6799,4083,2025-09-22,1855,L8,low,D
47.389861,-120.681767,046,027,6799,4084,2025-09-22,1855,L8,low,D
47.386624,-120.681909,046,027,6799,4096,2025-09-22,1855,L8,high,D
47.386354,-120.68192,046,027,6799,4097,2025-09-22,1855,L8,high,D
47.386085,-120.681932,046,027,6799,4098,2025-09-22,1855,L8,high,D
47.382578,-120.682086,046,027,6799,4111,2025-09-22,1855,L8,high,D
47.382308,-120.682098,046,027,6799,4112,2025-09-22,1855,L8,high,D
47.409273,-120.680517,046,027,6800,4012,2025-09-22,1855,L8,high,D
47.409003,-120.680529,046,027,6800,4013,2025-09-22,1855,L8,high,D
47.397405,-120.681038,046,027,6800,4056,2025-09-22,1855,L8,high,D
47.397135,-120.68105,046,027,6800,4057,2025-09-22,1855,L8,high,D
47.395787,-120.681109,046,027,6800,4062,2025-09-22,1855,L8,high,D
47.395517,-120.681121,046,027,6800,4063,2025-09-22,1855,L8,high,D
47.386616,-120.681511,046,027,6800,4096,2025-09-22,1855,L8,high,D
47.386346,-120.681523,046,027,6800,4097,2025-09-22,1855,L8,low,D
47.3823,-120.681701,046,027,6800,4112,2025-09-22,1855,L8,low,D
47.382031,-120.681713,046,027,6800,4113,2025-09-22,1855,L8,low,D
47.409265,-120.68012,046,027,6801,4012,2025-09-22,1855,L8,high,D
47.408995,-120.680131,046,027,6801,4013,2025-09-22,1855,L8,low,D
47.396588,-120.680676,046,027,6801,4059,2025-09-22,1855,L8,low,D
47.396318,-120.680688,046,027,6801,4060,2025-09-22,1855,L8,low,D
47.395778,-120.680712,046,027,6801,4062,2025-09-22,1855,L8,high,D
47.395509,-120.680724,046,027,6801,4063,2025-09-22,1855,L8,low,D
47.382023,-120.681316,046,027,6801,4113,2025-09-22,1855,L8,low,D
47.381753,-120.681327,046,027,6801,4114,2025-09-22,1855,L8,low,D
47.397928,-120.68022,046,027,6802,4054,2025-09-22,1855,L8,low,D
47.397658,-120.680232,046,027,6802,4055,2025-09-22,1855,L8,low,D
47.397389,-120.680244,046,027,6802,4056,2025-09-22,1855,L8,high,D
47.397119,-120.680255,046,027,6802,4057,2025-09-22,1855,L8,high,D
47.396849,-120.680267,046,027,6802,4058,2025-09-22,1855,L8,low,D
47.39658,-120.680279,046,027,6802,4059,2025-09-22,1855,L8,low,D
47.39631,-120.680291,046,027,6802,4060,2025-09-22,1855,L8,low,D
47.378238,-120.681084,046,027,6802,4127,2025-09-22,1855,L8,low,D
47.398729,-120.679787,046,027,6803,4051,2025-09-22,1855,L8,high,D
47.39846,-120.679799,046,027,6803,4052,2025-09-22,1855,L8,high,D
47.39819,-120.679811,046,027,6803,4053,2025-09-22,1855,L8,high,D
47.39792,-120.679823,046,027,6803,4054,2025-09-22,1855,L8,high,D
47.39765,-120.679834,046,027,6803,4055,2025-09-22,1855,L8,high,D
47.397381,-120.679846,046,027,6803,4056,2025-09-22,1855,L8,high,D
47.397111,-120.679858,046,027,6803,4057,2025-09-22,1855,L8,high,D
47.396572,-120.679882,046,027,6803,4059,2025-09-22,1855,L8,low,D
47.396302,-120.679894,046,027,6803,4060,2025-09-22,1855,L8,high,D
47.386592,-120.68032,046,027,6803,4096,2025-09-22,1855,L8,low,D
47.385783,-120.680356,046,027,6803,4099,2025-09-22,1855,L8,high,D
47.383895,-120.680438,046,027,6803,4106,2025-09-22,1855,L8,low,D
47.398452,-120.679402,046,027,6804,4052,2025-09-22,1855,L8,low,D
47.398182,-120.679414,046,027,6804,4053,2025-09-22,1855,L8,high,D
47.397912,-120.679425,046,027,6804,4054,2025-09-22,1855,L8,high,D
47.397642,-120.679437,046,027,6804,4055,2025-09-22,1855,L8,high,D
47.397373,-120.679449,046,027,6804,4056,2025-09-22,1855,L8,high,D
47.397103,-120.679461,046,027,6804,4057,2025-09-22,1855,L8,low,D
47.39009,-120.679769,046,027,6804,4083,2025-09-22,1855,L8,high,D
47.388472,-120.67984,046,027,6804,4089,2025-09-22,1855,L8,high,D
47.388202,-120.679852,046,027,6804,4090,2025-09-22,1855,L8,high,D
47.384156,-120.680029,046,027,6804,4105,2025-09-22,1855,L8,low,D
47.381729,-120.680136,046,027,6804,4114,2025-09-22,1855,L8,low,D
47.381459,-120.680148,046,027,6804,4115,2025-09-22,1855,L8,low,D
47.397904,-120.679028,046,027,6805,4054,2025-09-22,1855,L8,low,D
47.397634,-120.67904,046,027,6805,4055,2025-09-22,1855,L8,high,D
47.397365,-120.679052,046,027,6805,4056,2025-09-22,1855,L8,high,D
47.397095,-120.679064,046,027,6805,4057,2025-09-22,1855,L8,high,D
47.396825,-120.679076,046,027,6805,4058,2025-09-22,1855,L8,high,D
47.396555,-120.679087,046,027,6805,4059,2025-09-22,1855,L8,high,D
47.396286,-120.679099,046,027,6805,4060,2025-09-22,1855,L8,high,D
47.396016,-120.679111,046,027,6805,4061,2025-09-22,1855,L8,high,D
47.394398,-120.679182,046,027,6805,4067,2025-09-22,1855,L8,low,D
47.390352,-120.67936,046,027,6805,4082,2025-09-22,1855,L8,high,D
47.390082,-120.679372,046,027,6805,4083,2025-09-22,1855,L8,high,D
47.389812,-120.679384,046,027,6805,4084,2025-09-22,1855,L8,low,D
47.388464,-120.679443,046,027,6805,4089,2025-09-22,1855,L8,high,D
47.388194,-120.679455,046,027,6805,4090,2025-09-22,1855,L8,low,D
47.384148,-120.679632,046,027,6805,4105,2025-09-22,1855,L8,high,D
47.378484,-120.679881,046,027,6805,4126,2025-09-22,1855,L8,high,D
47.378214,-120.679893,046,027,6805,4127,2025-09-22,1855,L8,high,D
47.397087,-120.678666,046,027,6806,4057,2025-09-22,1855,L8,low,D
47.396817,-120.678678,046,027,6806,4058,2025-09-22,1855,L8,high,D
47.396547,-120.67869,046,027,6806,4059,2025-09-22,1855,L8,high,D
47.396278,-120.678702,046,027,6806,4060,2025-09-22,1855,L8,high,D
47.396008,-120.678714,046,027,6806,4061,2025-09-22,1855,L8,high,D
47.395738,-120.678726,046,027,6806,4062,2025-09-22,1855,L8,low,D
47.39439,-120.678785,046,027,6806,4067,2025-09-22,1855,L8,high,D
47.39412,-120.678797,046,027,6806,4068,2025-09-22,1855,L8,high,D
47.390074,-120.678975,046,027,6806,4083,2025-09-22,1855,L8,high,D
47.385219,-120.679188,046,027,6806,4101,2025-09-22,1855,L8,high,D
47.381713,-120.679342,046,027,6806,4114,2025-09-22,1855,L8,high,D
47.378746,-120.679472,046,027,6806,4125,2025-09-22,1855,L8,low,D
47.378476,-120.679484,046,027,6806,4126,2025-09-22,1855,L8,high,D
47.378206,-120.679496,046,027,6806,4127,2025-09-22,1855,L8,high,D
47.396809,-120.678281,046,027,6807,4058,2025-09-22,1855,L8,high,D
47.396539,-120.678293,046,027,6807,4059,2025-09-22,1855,L8,high,D
47.39627,-120.678305,046,027,6807,4060,2025-09-22,1855,L8,high,D
47.396,-120.678317,046,027,6807,4061,2025-09-22,1855,L8,high,D
47.39573,-120.678328,046,027,6807,4062,2025-09-22,1855,L8,high,D
47.39546,-120.67834,046,027,6807,4063,2025-09-22,1855,L8,high,D
47.394382,-120.678388,046,027,6807,4067,2025-09-22,1855,L8,low,D
47.388987,-120.678625,046,027,6807,4087,2025-09-22,1855,L8,low,D
47.385211,-120.678791,046,027,6807,4101,2025-09-22,1855,L8,high,D
47.381705,-120.678945,046,027,6807,4114,2025-09-22,1855,L8,low,D
47.378738,-120.679075,046,027,6807,4125,2025-09-22,1855,L8,high,D
47.378468,-120.679087,046,027,6807,4126,2025-09-22,1855,L8,high,D
47.378198,-120.679099,046,027,6807,4127,2025-09-22,1855,L8,high,D
47.395722,-120.677931,046,027,6808,4062,2025-09-22,1855,L8,low,D
47.395452,-120.677943,046,027,6808,4063,2025-09-22,1855,L8,low,D
47.379269,-120.678654,046,027,6808,4123,2025-09-22,1855,L8,high,D
47.378999,-120.678666,046,027,6808,4124,2025-09-22,1855,L8,high,D
47.37873,-120.678678,046,027,6808,4125,2025-09-22,1855,L8,high,D
47.37846,-120.67869,046,027,6808,4126,2025-09-22,1855,L8,high,D
47.37819,-120.678702,046,027,6808,4127,2025-09-22,1855,L8,low,D
47.395175,-120.677558,046,027,6809,4064,2025-09-22,1855,L8,high,D
47.394905,-120.67757,046,027,6809,4065,2025-09-22,1855,L8,high,D
47.38034,-120.67821,046,027,6809,4119,2025-09-22,1855,L8,low,D
47.38007,-120.678222,046,027,6809,4120,2025-09-22,1855,L8,low,D
47.3798,-120.678233,046,027,6809,4121,2025-09-22,1855,L8,low,D
47.379531,-120.678245,046,027,6809,4122,2025-09-22,1855,L8,high,D
47.379261,-120.678257,046,027,6809,4123,2025-09-22,1855,L8,high,D
47.378991,-120.678269,046,027,6809,4124,2025-09-22,1855,L8,high,D
47.395706,-120.677137,046,027,6810,4062,2025-09-22,1855,L8,high,D
47.395436,-120.677149,046,027,6810,4063,2025-09-22,1855,L8,high,D
47.395167,-120.677161,046,027,6810,4064,2025-09-22,1855,L8,high,D
47.394897,-120.677172,046,027,6810,4065,2025-09-22,1855,L8,high,D
47.394627,-120.677184,046,027,6810,4066,2025-09-22,1855,L8,high,D
47.394357,-120.677196,046,027,6810,4067,2025-09-22,1855,L8,high,D
47.380871,-120.677789,046,027,6810,4117,2025-09-22,1855,L8,low,D
47.380602,-120.677801,046,027,6810,4118,2025-09-22,1855,L8,high,D
47.380332,-120.677813,046,027,6810,4119,2025-09-22,1855,L8,high,D
47.380062,-120.677824,046,027,6810,4120,2025-09-22,1855,L8,high,D
47.379792,-120.677836,046,027,6810,4121,2025-09-22,1855,L8,high,D
47.379523,-120.677848,046,027,6810,4122,2025-09-22,1855,L8,high,D
47.379253,-120.67786,046,027,6810,4123,2025-09-22,1855,L8,high,D
47.378983,-120.677872,046,027,6810,4124,2025-09-22,1855,L8,high,D
47.395428,-120.676751,046,027,6811,4063,2025-09-22,1855,L8,high,D
47.395159,-120.676763,046,027,6811,4064,2025-09-22,1855,L8,high,D
47.394889,-120.676775,046,027,6811,4065,2025-09-22,1855,L8,high,D
47.394619,-120.676787,046,027,6811,4066,2025-09-22,1855,L8,high,D
47.394349,-120.676799,046,027,6811,4067,2025-09-22,1855,L8,high,D
47.39408,-120.676811,046,027,6811,4068,2025-09-22,1855,L8,low,D
47.392731,-120.67687,046,027,6811,4073,2025-09-22,1855,L8,low,D
47.391382,-120.676929,046,027,6811,4078,2025-09-22,1855,L8,low,D
47.391113,-120.676941,046,027,6811,4079,2025-09-22,1855,L8,low,D
47.380863,-120.677392,046,027,6811,4117,2025-09-22,1855,L8,high,D
47.380594,-120.677404,046,027,6811,4118,2025-09-22,1855,L8,high,D
47.380324,-120.677415,046,027,6811,4119,2025-09-22,1855,L8,high,D
47.380054,-120.677427,046,027,6811,4120,2025-09-22,1855,L8,high,D
47.379784,-120.677439,046,027,6811,4121,2025-09-22,1855,L8,high,D
47.379515,-120.677451,046,027,6811,4122,2025-09-22,1855,L8,high,D
47.379245,-120.677463,046,027,6811,4123,2025-09-22,1855,L8,high,D
47.378975,-120.677475,046,027,6811,4124,2025-09-22,1855,L8,low,D
47.39515,-120.676366,046,027,6812,4064,2025-09-22,1855,L8,high,D
47.394881,-120.676378,046,027,6812,4065,2025-09-22,1855,L8,high,D
47.394611,-120.67639,046,027,6812,4066,2025-09-22,1855,L8,high,D
47.394341,-120.676402,046,027,6812,4067,2025-09-22,1855,L8,high,D
47.394072,-120.676414,046,027,6812,4068,2025-09-22,1855,L8,high,D
47.393802,-120.676425,046,027,6812,4069,2025-09-22,1855,L8,high,D
47.380316,-120.677018,046,027,6812,4119,2025-09-22,1855,L8,high,D
47.380046,-120.67703,046,027,6812,4120,2025-09-22,1855,L8,high,D
47.379776,-120.677042,046,027,6812,4121,2025-09-22,1855,L8,high,D
47.379507,-120.677054,046,027,6812,4122,2025-09-22,1855,L8,high,D
47.410517,-120.675292,046,027,6813,4007,2025-09-22,1855,L8,low,D
47.394873,-120.675981,046,027,6813,4065,2025-09-22,1855,L8,high,D
47.394603,-120.675993,046,027,6813,4066,2025-09-22,1855,L8,high,D
47.394333,-120.676004,046,027,6813,4067,2025-09-22,1855,L8,high,D
47.394064,-120.676016,046,027,6813,4068,2025-09-22,1855,L8,high,D
47.393794,-120.676028,046,027,6813,4069,2025-09-22,1855,L8,high,D
47.394595,-120.675595,046,027,6814,4066,2025-09-22,1855,L8,high,D
47.394325,-120.675607,046,027,6814,4067,2025-09-22,1855,L8,low,D
47.388081,-120.673894,046,027,6819,4090,2025-09-22,1855,L8,low,D
47.393174,-120.67208,046,027,6823,4071,2025-09-22,1855,L8,high,D
47.392904,-120.672092,046,027,6823,4072,2025-09-22,1855,L8,high,D
47.392634,-120.672104,046,027,6823,4073,2025-09-22,1855,L8,high,D
47.391555,-120.672151,046,027,6823,4077,2025-09-22,1855,L8,low,D
47.38751,-120.672329,046,027,6823,4092,2025-09-22,1855,L8,high,D
47.393166,-120.671683,046,027,6824,4071,2025-09-22,1855,L8,high,D
47.392896,-120.671695,046,027,6824,4072,2025-09-22,1855,L8,high,D
47.391547,-120.671754,046,027,6824,4077,2025-09-22,1855,L8,high,D
47.387502,-120.671932,046,027,6824,4092,2025-09-22,1855,L8,high,D
47.387232,-120.671944,046,027,6824,4093,2025-09-22,1855,L8,high,D
47.393158,-120.671286,046,027,6825,4071,2025-09-22,1855,L8,low,D
47.392888,-120.671297,046,027,6825,4072,2025-09-22,1855,L8,high,D
47.391539,-120.671357,046,027,6825,4077,2025-09-22,1855,L8,low,D
47.388033,-120.671511,046,027,6825,4090,2025-09-22,1855,L8,low,D
47.39288,-120.6709,046,027,6826,4072,2025-09-22,1855,L8,low,D
47.386676,-120.671174,046,027,6826,4095,2025-09-22,1855,L8,high,D
47.386406,-120.671186,046,027,6826,4096,2025-09-22,1855,L8,low,D
47.386668,-120.670776,046,027,6827,4095,2025-09-22,1855,L8,low,D
47.386285,-120.665228,046,027,6841,4096,2025-09-22,1855,L8,low,D
47.386016,-120.66524,046,027,6841,4097,2025-09-22,1855,L8,high,D
47.385476,-120.665264,046,027,6841,4099,2025-09-22,1855,L8,low,D
47.385206,-120.665276,046,027,6841,4100,2025-09-22,1855,L8,high,D
47.384937,-120.665288,046,027,6841,4101,2025-09-22,1855,L8,high,D
47.385198,-120.664879,046,027,6842,4100,2025-09-22,1855,L8,low,D
47.385999,-120.664446,046,027,6843,4097,2025-09-22,1855,L8,high,D
47.38573,-120.664458,046,027,6843,4098,2025-09-22,1855,L8,low,D
47.38519,-120.664482,046,027,6843,4100,2025-09-22,1855,L8,high,D
47.38492,-120.664494,046,027,6843,4101,2025-09-22,1855,L8,high,D
47.385452,-120.664073,046,027,6844,4099,2025-09-22,1855,L8,low,D
47.385182,-120.664085,046,027,6844,4100,2025-09-22,1855,L8,high,D
47.384912,-120.664096,046,027,6844,4101,2025-09-22,1855,L8,high,D
47.386792,-120.663616,046,027,6845,4094,2025-09-22,1855,L8,high,D
47.385444,-120.663675,046,027,6845,4099,2025-09-22,1855,L8,high,D
47.385174,-120.663687,046,027,6845,4100,2025-09-22,1855,L8,high,D
47.384904,-120.663699,046,027,6845,4101,2025-09-22,1855,L8,high,D
47.386784,-120.663219,046,027,6846,4094,2025-09-22,1855,L8,high,D
47.386514,-120.663231,046,027,6846,4095,2025-09-22,1855,L8,high,D
47.385166,-120.66329,046,027,6846,4100,2025-09-22,1855,L8,high,D
47.386776,-120.662822,046,027,6847,4094,2025-09-22,1855,L8,low,D
47.385428,-120.662881,046,027,6847,4099,2025-09-22,1855,L8,low,D
47.392221,-120.651847,046,027,6874,4073,2025-09-22,1855,L8,high,D
47.391951,-120.651859,046,027,6874,4074,2025-09-22,1855,L8,high,D
47.392213,-120.65145,046,027,6875,4073,2025-09-22,1855,L8,high,D
47.391943,-120.651462,046,027,6875,4074,2025-09-22,1855,L8,high,D
47.39218,-120.649861,046,027,6879,4073,2025-09-22,1855,L8,medium,D
47.391633,-120.649488,046,027,6880,4075,2025-09-22,1855,L8,high,D
47.391363,-120.6495,046,027,6880,4076,2025-09-22,1855,L8,low,D
47.391894,-120.649079,046,027,6881,4074,2025-09-22,1855,L8,low,D
47.391624,-120.649091,046,027,6881,4075,2025-09-22,1855,L8,high,D
47.391355,-120.649103,046,027,6881,4076,2025-09-22,1855,L8,medium,D
47.78591,-120.591303,046,027,6981,2610,2025-09-22,1855,L8,high,D
47.785641,-120.591315,046,027,6981,2611,2025-09-22,1855,L8,high,D
47.785371,-120.591328,046,027,6981,2612,2025-09-22,1855,L8,high,D
47.78779,-120.590816,046,027,6982,2603,2025-09-22,1855,L8,high,D
47.78752,-120.590828,046,027,6982,2604,2025-09-22,1855,L8,high,D
47.78725,-120.59084,046,027,6982,2605,2025-09-22,1855,L8,high,D
47.786981,-120.590853,046,027,6982,2606,2025-09-22,1855,L8,high,D
47.786711,-120.590865,046,027,6982,2607,2025-09-22,1855,L8,high,D
47.786441,-120.590878,046,027,6982,2608,2025-09-22,1855,L8,high,D
47.786172,-120.59089,046,027,6982,2609,2025-09-22,1855,L8,high,D
47.785902,-120.590903,046,027,6982,2610,2025-09-22,1855,L8,high,D
47.785632,-120.590915,046,027,6982,2611,2025-09-22,1855,L8,high,D
47.785362,-120.590928,046,027,6982,2612,2025-09-22,1855,L8,high,D
47.787781,-120.590415,046,027,6983,2603,2025-09-22,1855,L8,low,D
47.786972,-120.590453,046,027,6983,2606,2025-09-22,1855,L8,low,D
47.786703,-120.590465,046,027,6983,2607,2025-09-22,1855,L8,high,D
47.786433,-120.590478,046,027,6983,2608,2025-09-22,1855,L8,high,D
47.786163,-120.59049,046,027,6983,2609,2025-09-22,1855,L8,high,D
47.785893,-120.590503,046,027,6983,2610,2025-09-22,1855,L8,high,D
47.785624,-120.590515,046,027,6983,2611,2025-09-22,1855,L8,high,D
47.78634,-120.586076,046,027,6994,2608,2025-09-22,1855,L8,high,D
47.780357,-120.58395,046,027,7000,2630,2025-09-22,1855,L8,medium,D
47.780618,-120.583537,046,027,7001,2629,2025-09-22,1855,L8,high,D
47.780348,-120.58355,046,027,7001,2630,2025-09-22,1855,L8,high,D
47.780609,-120.583137,046,027,7002,2629,2025-09-22,1855,L8,low,D
47.78034,-120.58315,046,027,7002,2630,2025-09-22,1855,L8,high,D
47.78007,-120.583162,046,027,7002,2631,2025-09-22,1855,L8,high,D
47.780331,-120.58275,046,027,7003,2630,2025-09-22,1855,L8,high,D
47.780062,-120.582762,046,027,7003,2631,2025-09-22,1855,L8,high,D
47.779792,-120.582775,046,027,7003,2632,2025-09-22,1855,L8,high,D
47.780053,-120.582362,046,027,7004,2631,2025-09-22,1855,L8,high,D
47.779784,-120.582375,046,027,7004,2632,2025-09-22,1855,L8,high,D
47.78055,-120.580336,046,027,7009,2629,2025-09-22,1855,L8,low,D
47.748814,-120.497753,046,027,7219,2740,2025-09-22,1855,L8,medium,D
47.748545,-120.497766,046,027,7219,2741,2025-09-22,1855,L8,high,D
47.748275,-120.497779,046,027,7219,2742,2025-09-22,1855,L8,medium,D
47.748536,-120.497366,046,027,7220,2741,2025-09-22,1855,L8,medium,D
47.748257,-120.496979,046,027,7221,2742,2025-09-22,1855,L8,low,D
47.700743,-120.496856,046,027,7227,2918,2025-09-22,1855,L8,high,D
47.700473,-120.496869,046,027,7227,2919,2025-09-22,1855,L8,high,D
47.700169,-120.495284,046,027,7231,2920,2025-09-22,1855,L8,low,D
47.675974,-120.475259,046,027,7284,3008,2025-09-22,1855,L8,low,D
47.670855,-120.463516,046,027,7314,3026,2025-09-22,1855,L8,low,D
47.66364,-120.454674,046,027,7337,3052,2025-09-22,1855,L8,low,D
47.663632,-120.454275,046,027,7338,3052,2025-09-22,1855,L8,high,D
47.663362,-120.454288,046,027,7338,3053,2025-09-22,1855,L8,high,D
47.661726,-120.453569,046,027,7340,3059,2025-09-22,1855,L8,medium,D
47.66677,-120.449726,046,027,7349,3040,2025-09-22,1855,L8,high,D
47.6665,-120.449739,046,027,7349,3041,2025-09-22,1855,L8,low,D
47.668012,-120.44487,046,027,7361,3035,2025-09-22,1855,L8,low,D
47.668003,-120.444471,046,027,7362,3035,2025-09-22,1855,L8,low,D
48.984358,-122.162373,046,026,1710,3512,2025-09-22,1855,L8,high,D
48.984355,-122.161964,046,026,1711,3512,2025-09-22,1855,L8,low,D
48.154178,-122.127166,046,026,1831,6587,2025-09-22,1855,L8,high,D
49.166251,-121.963006,046,026,2187,2832,2025-09-22,1855,L8,high,D
49.226337,-120.947279,046,026,4649,2559,2025-09-22,1855,L8,medium,D
49.22633,-120.946868,046,026,4650,2559,2025-09-22,1855,L8,high,D
49.356032,-120.822897,046,026,4937,2070,2025-09-22,1855,L8,medium,D
49.357095,-120.822024,046,026,4939,2066,2025-09-22,1855,L8,high,D
49.052447,-120.754475,046,026,5136,3190,2025-09-22,1855,L8,high,D
49.052709,-120.754052,046,026,5137,3189,2025-09-22,1855,L8,high,D
49.052439,-120.754064,046,026,5137,3190,2025-09-22,1855,L8,high,D
49.051059,-120.752484,046,026,5141,3195,2025-09-22,1855,L8,high,D
48.47193,-120.180656,046,026,6613,5294,2025-09-22,1855,L8,high,D
